rollout/ep_len_mean,time/fps,time/time_elapsed,time/total_timesteps,rollout/ep_rew_mean,time/iterations,train/clip_fraction,train/value_loss,train/learning_rate,train/entropy_loss,train/n_updates,train/explained_variance,train/approx_kl,train/policy_gradient_loss,train/clip_range,train/loss
9.17,2086,0,2048,19.0,1,,,,,,,,,,
7.36,1385,2,4096,28.8,2,0.055810546875,2084.6582122802733,0.0003,-2.1941342681646345,10,-0.0005717277526855469,0.004024968,-0.00763750101759797,0.15,1342.548828125
8.14,1249,4,6144,32.05,3,0.01123046875,2336.981008529663,0.0003,-2.1910035446286202,20,0.003191053867340088,0.00377182,-0.003993659462139476,0.15,1017.8197021484375
8.12,1191,6,8192,23.78,4,0.06943359375,2194.3084098815916,0.0003,-2.1864889211952687,30,-0.001044154167175293,0.0041714464,-0.007949105954321568,0.15,1071.25537109375
8.53,1152,8,10240,29.87,5,0.06025390625,2054.0564453125,0.0003,-2.1791105046868324,40,9.512901306152344e-05,0.0038129021,-0.009094089550490025,0.15,1015.7057495117188
7.44,1124,10,12288,32.29,6,0.066748046875,1974.3046314239502,0.0003,-2.164091557264328,50,0.00400930643081665,0.0042474894,-0.01042248679586919,0.15,840.5917358398438
8.13,1104,12,14336,21.33,7,0.051611328125,2148.9168453216553,0.0003,-2.15424472540617,60,0.006733953952789307,0.005027622,-0.008037270995555446,0.15,920.302001953125
7.26,1088,15,16384,34.86,8,0.054443359375,2052.037297821045,0.0003,-2.1408495388925077,70,0.004760801792144775,0.004932804,-0.009043932714848778,0.15,843.650146484375
7.19,1077,17,18432,29.3,9,0.046728515625,1901.5287021636964,0.0003,-2.124184409528971,80,0.043000996112823486,0.0054111793,-0.006774932035477832,0.15,983.1356201171875
7.18,1071,19,20480,34.93,10,0.021142578125,1999.699200820923,0.0003,-2.113689994812012,90,0.018414080142974854,0.0035049072,-0.004439760479726829,0.15,918.99072265625
7.42,1056,21,22528,42.27,11,0.018408203125,2023.7076896667481,0.0003,-2.106595104932785,100,0.043248891830444336,0.0031408751,-0.00575884850404691,0.15,917.8366088867188
9.06,1048,23,24576,27.11,12,0.053955078125,2162.852095413208,0.0003,-2.0956658631563188,110,-0.03158295154571533,0.0044783447,-0.007286605668195989,0.15,1078.199462890625
8.24,1042,25,26624,34.04,13,0.055322265625,2026.7967945098876,0.0003,-2.0724714785814284,120,0.01295381784439087,0.004966263,-0.007178583511267789,0.15,942.3328857421875
7.38,1037,27,28672,50.92,14,0.07275390625,1875.7436367034911,0.0003,-2.050804018974304,130,0.06352943181991577,0.0053282483,-0.007822172102169133,0.15,987.4899291992188
7.65,1025,29,30720,35.07,15,0.0619140625,1928.382197189331,0.0003,-2.0238219972699882,140,0.06169396638870239,0.0047070635,-0.007685800557374023,0.15,930.8624877929688
8.47,1020,32,32768,42.33,16,0.055712890625,2042.9195201873779,0.0003,-1.9935076300054788,150,0.0916668176651001,0.004257405,-0.007652795703324955,0.15,1086.750244140625
7.85,1014,34,34816,36.14,17,0.0291015625,1879.058489227295,0.0003,-1.9682118967175484,160,0.09620541334152222,0.0036528301,-0.005815705782151781,0.15,832.4862060546875
8.75,1006,36,36864,37.96,18,0.0314453125,2053.6864212036135,0.0003,-1.9690610282123089,170,0.08995950222015381,0.003824345,-0.00744603080820525,0.15,867.8938598632812
8.08,1006,38,38912,45.99,19,0.05107421875,1866.6090881347657,0.0003,-1.947440304607153,180,0.06547147035598755,0.0043089343,-0.008725856051023584,0.15,827.7222290039062
7.51,1004,40,40960,38.02,20,0.061865234375,1788.3659378051757,0.0003,-1.913180173188448,190,0.14494717121124268,0.0050426484,-0.008516754495212808,0.15,886.452392578125
8.07,1003,42,43008,56.43,21,0.066943359375,1910.158018875122,0.0003,-1.8769643060863017,200,0.14485013484954834,0.0040063676,-0.00841186623147223,0.15,793.52197265625
7.5,1000,45,45056,54.38,22,0.051513671875,1877.1620552062989,0.0003,-1.84200622998178,210,0.182722806930542,0.004348563,-0.008817951843957417,0.15,868.9779052734375
6.2,995,47,47104,53.94,23,0.060986328125,1809.8177764892578,0.0003,-1.8201099552214146,220,0.21110188961029053,0.0042726183,-0.008139556720561814,0.15,740.3224487304688
6.28,996,49,49152,52.84,24,0.0560546875,1921.7990501403808,0.0003,-1.8159998863935471,230,0.22279959917068481,0.004721529,-0.010310110228601843,0.15,974.2662963867188
7.51,997,51,51200,55.2,25,0.05810546875,1812.2069541931153,0.0003,-1.7620780285447837,240,0.25155311822891235,0.0048647886,-0.008507713064318523,0.15,843.02587890625
6.57,999,53,53248,56.32,26,0.065380859375,1748.3793460845948,0.0003,-1.767375747486949,250,0.28814518451690674,0.0051195426,-0.008772977866465225,0.15,659.1749267578125
6.06,999,55,55296,56.12,27,0.055517578125,1812.6159034729003,0.0003,-1.7190113116055727,260,0.2542462944984436,0.0039897957,-0.010016435798024758,0.15,795.4803466796875
5.79,998,57,57344,54.19,28,0.078564453125,1867.5016487121582,0.0003,-1.701732525229454,270,0.23213374614715576,0.0048112366,-0.010227066454535815,0.15,908.081298828125
6.01,997,59,59392,57.85,29,0.07724609375,1800.2691425323487,0.0003,-1.6954103279858828,280,0.2799501419067383,0.0045213755,-0.0075252524504321626,0.15,982.0787963867188
6.2,995,61,61440,64.2,30,0.052685546875,1706.2860549926759,0.0003,-1.6764047533273696,290,0.3046311140060425,0.0044560926,-0.007372820092132315,0.15,682.8067626953125
6.92,995,63,63488,55.11,31,0.06103515625,1590.3037872314453,0.0003,-1.631344661861658,300,0.33840036392211914,0.004665115,-0.008601221631397492,0.15,839.8671264648438
6.28,996,65,65536,57.34,32,0.05361328125,1564.9271892547608,0.0003,-1.6149434771388769,310,0.4215891361236572,0.004366921,-0.007557063797139563,0.15,829.616455078125
5.65,997,67,67584,76.58,33,0.075048828125,1644.9116197586059,0.0003,-1.548103354871273,320,0.31292110681533813,0.0049423864,-0.00974384229775751,0.15,711.564453125
5.67,998,69,69632,55.53,34,0.05673828125,1552.289896583557,0.0003,-1.521082993224263,330,0.3821452260017395,0.0046323384,-0.008859241858590394,0.15,1131.965576171875
5.81,999,71,71680,54.57,35,0.0443359375,1613.105474090576,0.0003,-1.5131221655756235,340,0.3264012932777405,0.0040968126,-0.007217024271085393,0.15,695.0280151367188
6.85,1000,73,73728,61.06,36,0.063623046875,1444.1390825271606,0.0003,-1.4681003004312516,350,0.37958043813705444,0.0041772285,-0.010425938888511154,0.15,576.6069946289062
5.1,1000,75,75776,69.75,37,0.066650390625,1450.557588005066,0.0003,-1.5130627360194921,360,0.4614270329475403,0.0049061934,-0.01052714579127496,0.15,490.7295227050781
4.8,1001,77,77824,68.2,38,0.0619140625,1541.45989112854,0.0003,-1.3867880109697581,370,0.3518713116645813,0.0046218466,-0.008508605635142885,0.15,697.90185546875
4.68,1000,79,79872,71.2,39,0.083154296875,1584.162836074829,0.0003,-1.3956631477922201,380,0.3365543484687805,0.0046541514,-0.009749547453247942,0.15,412.64886474609375
5.48,997,82,81920,72.37,40,0.066455078125,1359.809931564331,0.0003,-1.3300976280122996,390,0.3625262379646301,0.005270583,-0.010498814576567383,0.15,984.3405151367188
4.36,991,84,83968,81.93,41,0.05673828125,1389.6551971435547,0.0003,-1.3688149616122245,400,0.45679861307144165,0.0041636815,-0.007498929956636857,0.15,712.3643188476562
4.23,986,87,86016,71.29,42,0.072509765625,1505.3151222229003,0.0003,-1.3071183793246746,410,0.4169657826423645,0.004606954,-0.009592399063694756,0.15,904.4389038085938
4.32,978,89,88064,67.54,43,0.05927734375,1505.5704706192016,0.0003,-1.247153566777706,420,0.37962913513183594,0.0046566813,-0.009431275731185452,0.15,608.0443725585938
4.38,968,93,90112,73.24,44,0.06240234375,1488.2616550445557,0.0003,-1.2413509827107192,430,0.4059333801269531,0.004159251,-0.009015550516778603,0.15,644.9466552734375
5.57,960,95,92160,67.69,45,0.053857421875,1416.3595115661622,0.0003,-1.1574725344777108,440,0.32135164737701416,0.003975093,-0.007628246217063861,0.15,804.449462890625
4.08,951,98,94208,84.18,46,0.06962890625,1219.5432250976562,0.0003,-1.198194182664156,450,0.3882037401199341,0.0041358685,-0.007629215224005748,0.15,555.0223999023438
5.08,942,102,96256,73.74,47,0.09169921875,1232.7918672561646,0.0003,-1.1025752164423466,460,0.32634592056274414,0.005045442,-0.009650108400091995,0.15,445.5957336425781
4.17,941,104,98304,74.97,48,0.076025390625,1223.7151828765868,0.0003,-1.1580747680738568,470,0.4630565643310547,0.0040247478,-0.010003328743914608,0.15,526.6694946289062
3.84,941,106,100352,65.88,49,0.071337890625,1232.9510347366333,0.0003,-1.1310181913897395,480,0.4695558547973633,0.0046081375,-0.00901111202838365,0.15,611.5130004882812
4.63,941,108,102400,69.55,50,0.0556640625,1370.8169921875,0.0003,-1.0804072745144366,490,0.36804527044296265,0.0038880475,-0.006770085396419745,0.15,663.0202026367188
4.09,942,110,104448,78.72,51,0.0552734375,1449.9660976409912,0.0003,-1.0889737956225871,500,0.41287028789520264,0.003442574,-0.0075552131718723105,0.15,706.3464965820312
4.16,943,112,106496,80.28,52,0.0560546875,1270.3394035339356,0.0003,-0.9966665828600526,510,0.3535255193710327,0.003603626,-0.00791505111992592,0.15,603.688720703125
3.94,945,114,108544,64.26,53,0.06318359375,1205.4668712615967,0.0003,-1.016225366666913,520,0.3941481113433838,0.0041619996,-0.006198485242930474,0.15,439.822509765625
4.93,946,116,110592,73.22,54,0.05859375,1334.70774269104,0.0003,-0.9924428666010499,530,0.37242525815963745,0.0043173954,-0.0076588364812778306,0.15,588.322021484375
4.03,947,118,112640,77.28,55,0.065185546875,1330.6473413467406,0.0003,-0.9706482680514454,540,0.3997046947479248,0.0038910296,-0.007808943697455106,0.15,644.919921875
3.86,948,120,114688,78.76,56,0.072705078125,1320.0581951141357,0.0003,-0.9776295190677047,550,0.37731754779815674,0.004381066,-0.006806994331418537,0.15,580.1748046875
3.96,949,122,116736,78.62,57,0.049365234375,1240.5218381881714,0.0003,-0.8856017790734768,560,0.393380343914032,0.003912971,-0.007207105519773905,0.15,520.56298828125
3.95,949,125,118784,79.54,58,0.0701171875,1128.9169805526733,0.0003,-0.9235538704320788,570,0.46933823823928833,0.0038053964,-0.00839572584372945,0.15,660.4382934570312
4.15,950,127,120832,72.21,59,0.065966796875,1156.9737340927124,0.0003,-0.9324333678930998,580,0.4831467866897583,0.003623378,-0.00904653495454113,0.15,587.8682250976562
3.82,951,129,122880,78.73,60,0.058203125,1254.9067350387572,0.0003,-0.9309019273146987,590,0.40659284591674805,0.004194399,-0.0077774642129952555,0.15,630.769287109375
4.89,951,131,124928,72.44,61,0.081396484375,1220.7794103622437,0.0003,-0.879448689892888,600,0.42697858810424805,0.005462178,-0.008584080426953734,0.15,646.7421264648438
4.31,951,133,126976,75.78,62,0.101416015625,1241.0363046646119,0.0003,-0.9504936972633005,610,0.49925315380096436,0.0049191676,-0.010347927654220258,0.15,708.015625
3.86,952,135,129024,75.22,63,0.109912109375,1087.9978032112122,0.0003,-0.8497805299237371,620,0.524398922920227,0.004998891,-0.009299573350290302,0.15,387.3390197753906
3.73,952,137,131072,84.82,64,0.078271484375,1210.2569023132323,0.0003,-0.8964874431490898,630,0.48068439960479736,0.0051962608,-0.007430374091200065,0.15,536.7526245117188
4.02,952,139,133120,74.21,65,0.080224609375,1029.0562140464783,0.0003,-0.8456725986674428,640,0.42539501190185547,0.0043115737,-0.006455187610117719,0.15,539.865478515625
4.13,952,141,135168,85.74,66,0.057666015625,1193.4784929275513,0.0003,-0.8998126961290837,650,0.49849361181259155,0.003872254,-0.005908819744945504,0.15,438.5699157714844
3.68,952,144,137216,78.89,67,0.069140625,1064.7838007926941,0.0003,-0.8147509317845106,660,0.4077678322792053,0.0039193337,-0.007096752744109836,0.15,258.7937316894531
4.42,952,146,139264,79.04,68,0.074853515625,1162.856206703186,0.0003,-0.8353167556226253,670,0.47723424434661865,0.0034644525,-0.0075609640254697295,0.15,498.5797424316406
3.7,951,148,141312,80.23,69,0.053662109375,1270.8168196678162,0.0003,-0.8428459407761693,680,0.45392918586730957,0.003510471,-0.005966435224399902,0.15,594.9306030273438
3.86,950,150,143360,79.11,70,0.071826171875,1243.5528295516967,0.0003,-0.803894485719502,690,0.3134053349494934,0.0042899903,-0.006417029791191453,0.15,510.9671936035156
5.01,950,153,145408,76.48,71,0.0677734375,1119.7366055488587,0.0003,-0.7783671002835035,700,0.3684939742088318,0.004450764,-0.00719481692649424,0.15,572.62939453125
3.61,950,155,147456,79.09,72,0.087890625,990.2215552330017,0.0003,-0.852257820405066,710,0.5361266136169434,0.004860333,-0.008178719588613603,0.15,448.49951171875
3.55,949,157,149504,78.12,73,0.106201171875,1113.2605039596558,0.0003,-0.8327735660597682,720,0.403852641582489,0.005113941,-0.007654413626005408,0.15,579.1380004882812
4.52,946,160,151552,74.52,74,0.0892578125,1192.8148586273194,0.0003,-0.8068662689998746,730,0.4584963917732239,0.00484718,-0.009779544947377872,0.15,435.8199157714844
3.69,942,162,153600,80.27,75,0.086083984375,1281.7506470680237,0.0003,-0.8703269895166159,740,0.4782346487045288,0.00436249,-0.00788843763366458,0.15,589.8941040039062
3.74,941,165,155648,76.51,76,0.092041015625,1179.8066294670105,0.0003,-0.770252849161625,750,0.43389809131622314,0.0042789634,-0.008723047011881136,0.15,539.3644409179688
3.94,940,167,157696,73.74,77,0.064794921875,1179.6813793182373,0.0003,-0.789660275168717,760,0.46669620275497437,0.0043177116,-0.006368991670751711,0.15,507.369140625
3.58,938,170,159744,83.88,78,0.081396484375,1197.045241355896,0.0003,-0.7917801678180695,770,0.44494980573654175,0.004608034,-0.008707675375626422,0.15,489.6546325683594
3.84,938,172,161792,79.64,79,0.08251953125,1094.0562142372132,0.0003,-0.7408898239955306,780,0.39810335636138916,0.0043279408,-0.007123292182950536,0.15,496.50347900390625
3.87,938,174,163840,88.24,80,0.09306640625,764.0224573612213,0.0003,-0.9414042910560966,790,0.6712302267551422,0.0061597107,-0.005855979479383678,0.15,304.0059814453125
3.6,935,177,165888,83.82,81,0.0533203125,873.2106746196747,0.0003,-0.8518416460603475,800,0.6808290481567383,0.0036963364,-0.0051277984704938715,0.15,441.4298400878906
3.67,932,180,167936,74.17,82,0.099658203125,1031.7741814136505,0.0003,-0.7446590015664697,810,0.4820104241371155,0.005264985,-0.009432973637740361,0.15,627.982177734375
4.88,930,182,169984,74.54,83,0.0625,1132.4683851242066,0.0003,-0.8240857027471066,820,0.5615414679050446,0.004036799,-0.006956125280703418,0.15,357.98712158203125
4.48,931,184,172032,66.72,84,0.09482421875,1112.0026275634766,0.0003,-0.8583909073844552,830,0.6425235867500305,0.0052028717,-0.008252070157323033,0.15,338.4966125488281
3.49,931,186,174080,81.52,85,0.06103515625,1178.085327720642,0.0003,-0.7963774800300598,840,0.5752407908439636,0.0031200298,-0.0077557364376843905,0.15,511.7318420410156
5.93,930,189,176128,71.54,86,0.070263671875,1125.0704070091247,0.0003,-0.9044941497966648,850,0.70231893658638,0.0034979857,-0.005881800622591982,0.15,446.3016357421875
3.84,929,191,178176,87.32,87,0.06416015625,1006.6356216430664,0.0003,-0.8126446396112442,860,0.6346730589866638,0.0037720725,-0.00661299217317719,0.15,586.5931396484375
3.53,928,194,180224,76.75,88,0.06806640625,1081.0349668502809,0.0003,-0.7350351316854358,870,0.48947107791900635,0.0037539308,-0.007811492069595261,0.15,382.8130187988281
4.33,927,196,182272,81.58,89,0.06728515625,1142.453504371643,0.0003,-0.7197710050269961,880,0.5211941301822662,0.003498626,-0.006439835480705369,0.15,574.135986328125
3.77,926,198,184320,86.38,90,0.096728515625,1100.1764270782471,0.0003,-0.811608699709177,890,0.6649195551872253,0.005004105,-0.007532351117697544,0.15,272.8953857421875
3.49,925,201,186368,80.38,91,0.081689453125,1101.348342704773,0.0003,-0.6764632919803262,900,0.4491341710090637,0.004288558,-0.009008913280558773,0.15,620.0797119140625
3.51,924,203,188416,79.33,92,0.07607421875,1005.9451560974121,0.0003,-0.7295875350013376,910,0.6310616433620453,0.003839476,-0.00510464750113897,0.15,687.15380859375
3.51,924,205,190464,78.15,93,0.068408203125,1138.1353442192078,0.0003,-0.7467259800061583,920,0.601688414812088,0.003603745,-0.007522004274505889,0.15,754.0758666992188
3.62,923,208,192512,79.24,94,0.053662109375,1015.6760795593261,0.0003,-0.7076301772147418,930,0.605419397354126,0.003651241,-0.0072363898321782475,0.15,692.39013671875
5.05,922,210,194560,76.84,95,0.07978515625,1038.8731664657594,0.0003,-0.6704338220879436,940,0.48437970876693726,0.003821502,-0.009420496731399908,0.15,752.72509765625
5.63,922,213,196608,72.7,96,0.074072265625,1007.8806244850159,0.0003,-0.802497916482389,950,0.6887546181678772,0.0050471053,-0.005670830586313969,0.15,417.4442138671875
4.02,922,215,198656,85.88,97,0.115185546875,1113.7507670402526,0.0003,-0.7906932100653649,960,0.6425171196460724,0.005378877,-0.00874766401175293,0.15,632.7965698242188
3.59,922,217,200704,80.34,98,0.0826171875,1117.416384124756,0.0003,-0.7159093748778105,970,0.5706893503665924,0.0047625415,-0.007614310216740705,0.15,388.5357666015625
3.65,922,219,202752,78.98,99,0.095458984375,992.952562713623,0.0003,-0.6671796574257314,980,0.4911344647407532,0.0041163764,-0.008345700912468602,0.15,256.7829284667969
4.44,922,222,204800,83.41,100,0.07294921875,1133.2562814712524,0.0003,-0.6788234470412136,990,0.4962908625602722,0.0037590389,-0.007896577601786702,0.15,677.200439453125
3.98,921,224,206848,83.52,101,0.04794921875,1275.9677118301393,0.0003,-0.660794435068965,1000,0.49116289615631104,0.0030129123,-0.005499901001167018,0.15,907.2567749023438
3.98,921,226,208896,78.23,102,0.09619140625,1076.1374591827393,0.0003,-0.6960371065884828,1010,0.5494861304759979,0.00594219,-0.008861550384608563,0.15,562.7772216796875
3.81,921,228,210944,76.27,103,0.076806640625,1151.0779388427734,0.0003,-0.634731442015618,1020,0.42181724309921265,0.005319112,-0.0074343513580970464,0.15,655.986572265625
3.79,922,230,212992,87.15,104,0.066748046875,1193.7017868995667,0.0003,-0.6611176245845855,1030,0.5050132870674133,0.0039645764,-0.006660319591173902,0.15,409.45233154296875
4.39,922,233,215040,86.16,105,0.086376953125,945.1805354118347,0.0003,-0.6700771829113364,1040,0.6013388633728027,0.0051991614,-0.007892555010039359,0.15,451.5155029296875
3.53,922,235,217088,86.99,106,0.07236328125,1017.4623599052429,0.0003,-0.6461280653253197,1050,0.460735559463501,0.0041473275,-0.007178383803693578,0.15,437.5024719238281
3.74,922,237,219136,87.14,107,0.0609375,907.6093062400818,0.0003,-0.5839557477273047,1060,0.41554999351501465,0.0031237113,-0.0056182247906690465,0.15,221.71034240722656
3.5,921,239,221184,81.79,108,0.05322265625,1180.980625629425,0.0003,-0.6609164077788592,1070,0.471649169921875,0.003900141,-0.007641360850539058,0.15,512.359619140625
3.5,921,242,223232,85.25,109,0.088427734375,1008.3008885383606,0.0003,-0.5679135107435286,1080,0.3831709623336792,0.0054394063,-0.006185893331712577,0.15,360.6397705078125
3.42,920,244,225280,82.99,110,0.08505859375,1112.5223443031311,0.0003,-0.614201382920146,1090,0.4154224991798401,0.0049009025,-0.007970160060722264,0.15,401.2868957519531
3.63,920,246,227328,77.87,111,0.06962890625,1023.8118556022644,0.0003,-0.5939339612610638,1100,0.4385538697242737,0.004150383,-0.007811545630102046,0.15,477.4169006347656
4.17,920,249,229376,87.97,112,0.074951171875,1091.8907114982605,0.0003,-0.5739653971046209,1110,0.3771039843559265,0.0044357446,-0.007621682170429267,0.15,604.9634399414062
3.9,920,251,231424,84.75,113,0.0568359375,1072.7485511779785,0.0003,-0.6177439710125328,1120,0.5057336986064911,0.0032709385,-0.0075784468637721146,0.15,385.0782165527344
3.67,920,253,233472,85.11,114,0.0685546875,1023.6345111846924,0.0003,-0.5836917012929916,1130,0.4343906044960022,0.0047806483,-0.008294995583128184,0.15,468.5116271972656
3.97,919,256,235520,80.24,115,0.064794921875,992.1178956031799,0.0003,-0.5580430372618139,1140,0.41028720140457153,0.0030500495,-0.006300410951371305,0.15,445.2268981933594
3.64,919,258,237568,79.45,116,0.072216796875,1053.570947933197,0.0003,-0.5920231836847961,1150,0.4352060556411743,0.0044439957,-0.007769225283118431,0.15,728.2752685546875
3.94,918,260,239616,85.62,117,0.073388671875,1179.873037147522,0.0003,-0.5620223180390894,1160,0.3813844323158264,0.0032522012,-0.00870595113010495,0.15,618.3659057617188
3.56,918,263,241664,80.75,118,0.066259765625,1024.8126217842103,0.0003,-0.5694148790091276,1170,0.37748175859451294,0.0038788358,-0.006955716807715362,0.15,531.0160522460938
3.62,918,265,243712,82.94,119,0.06484375,1058.0037771224975,0.0003,-0.5752989991568029,1180,0.41824400424957275,0.0029939022,-0.006764741619917913,0.15,602.177734375
3.42,918,267,245760,81.72,120,0.065673828125,1086.2652183532714,0.0003,-0.5295563549734652,1190,0.38244473934173584,0.0031841663,-0.00751284477119043,0.15,740.9283447265625
3.51,918,269,247808,84.08,121,0.052978515625,1128.9993607521058,0.0003,-0.5336121150292457,1200,0.36422616243362427,0.0034456248,-0.006662681678426452,0.15,590.4384155273438
3.76,918,271,249856,81.37,122,0.049853515625,949.7262266635895,0.0003,-0.5283641997724772,1210,0.4329982399940491,0.0036575515,-0.004676916328025982,0.15,264.49871826171875
3.42,918,274,251904,79.41,123,0.083984375,1081.0763990402222,0.0003,-0.5641168597154319,1220,0.4564480185508728,0.0033185272,-0.0069124643847317205,0.15,405.71868896484375
3.45,918,276,253952,76.95,124,0.070458984375,1029.4109080314636,0.0003,-0.5405046183615922,1230,0.4435899257659912,0.0033633895,-0.00621705159501289,0.15,546.3632202148438
3.56,918,278,256000,83.06,125,0.077978515625,1080.521770143509,0.0003,-0.5731466490775347,1240,0.5440271198749542,0.0046476093,-0.0070695396527298724,0.15,582.6560668945312
3.6,918,280,258048,80.39,126,0.064990234375,1115.5143320083619,0.0003,-0.5521180666051805,1250,0.46547847986221313,0.003956251,-0.0058136394523899074,0.15,569.417236328125
3.83,918,283,260096,86.1,127,0.06181640625,962.6412641525269,0.0003,-0.5483455073088408,1260,0.5070232152938843,0.0054464517,-0.006179122142930283,0.15,454.4510498046875
3.87,918,285,262144,83.39,128,0.082568359375,1027.429421710968,0.0003,-0.5893450209870934,1270,0.5050201416015625,0.005057561,-0.007286930843838491,0.15,648.8197631835938
3.77,919,287,264192,85.9,129,0.062353515625,939.8791829109192,0.0003,-0.5366556842811405,1280,0.5100679099559784,0.003711983,-0.00648568327742396,0.15,286.63897705078125
3.38,919,289,266240,84.18,130,0.0634765625,1265.4570106506349,0.0003,-0.5358274693600833,1290,0.3336608409881592,0.004157126,-0.006838520085148047,0.15,512.07958984375
3.56,918,292,268288,81.71,131,0.075439453125,1031.92920255661,0.0003,-0.5215292383916676,1300,0.4062148332595825,0.0040488183,-0.007039026944403304,0.15,307.4243469238281
3.53,917,294,270336,83.18,132,0.0603515625,986.6595614433288,0.0003,-0.5645555668510497,1310,0.5209594964981079,0.004034951,-0.006408200212172232,0.15,319.4150390625
3.6,916,297,272384,80.52,133,0.063525390625,1089.2173104286194,0.0003,-0.5090269430540502,1320,0.4064822196960449,0.0037535066,-0.006240866495500086,0.15,602.2070922851562
3.49,916,299,274432,86.48,134,0.066845703125,994.0477185249329,0.0003,-0.5916339726187289,1330,0.6143188178539276,0.004082004,-0.007717857019451912,0.15,508.8770446777344
3.53,915,301,276480,81.75,135,0.1056640625,1196.0152695655822,0.0003,-0.5946418262086809,1340,0.5497165322303772,0.0064265383,-0.0077211270356201565,0.15,700.2042846679688
4.05,915,304,278528,82.03,136,0.07890625,1024.0431592941284,0.0003,-0.5303323901258409,1350,0.4440194368362427,0.003291719,-0.005574582540430128,0.15,581.835693359375
3.87,915,306,280576,77.85,137,0.10322265625,1015.7310483932495,0.0003,-0.5467459507286548,1360,0.4675195813179016,0.005123184,-0.0077806618202885145,0.15,502.9795837402344
3.5,915,308,282624,81.69,138,0.064697265625,1091.160692024231,0.0003,-0.5354528159834444,1370,0.30532872676849365,0.0032472545,-0.005059785675621242,0.15,535.5405883789062
3.83,915,310,284672,88.45,139,0.09013671875,1047.32009973526,0.0003,-0.5140132714994252,1380,0.3330352306365967,0.0035215067,-0.006112268934521126,0.15,323.2526550292969
3.4,914,313,286720,79.59,140,0.0833984375,969.9319098472595,0.0003,-0.5199274759739637,1390,0.4023979902267456,0.007023599,-0.006980987403949257,0.15,560.8812255859375
3.76,914,315,288768,81.64,141,0.06884765625,999.9439208030701,0.0003,-0.5233398325741291,1400,0.40904533863067627,0.0036170413,-0.005425404316338245,0.15,515.5137939453125
3.44,913,318,290816,85.49,142,0.093115234375,875.2258726119995,0.0003,-0.552592214755714,1410,0.5402674376964569,0.006210774,-0.009849590285739396,0.15,477.4947509765625
3.62,913,320,292864,74.24,143,0.0810546875,1027.680838394165,0.0003,-0.51262535918504,1420,0.35193443298339844,0.0030319649,-0.006692045835370664,0.15,650.0133666992188
4.15,913,322,294912,84.49,144,0.065869140625,971.4424604415893,0.0003,-0.4973587902262807,1430,0.33364617824554443,0.0035934267,-0.005987784126773477,0.15,627.1724243164062
3.41,913,324,296960,82.94,145,0.052978515625,1187.706715297699,0.0003,-0.5278723728843033,1440,0.4421015977859497,0.0028181025,-0.005682710369001143,0.15,779.0615844726562
3.84,913,327,299008,78.6,146,0.07119140625,1044.5271466255188,0.0003,-0.5242475784383714,1450,0.3496410846710205,0.003218299,-0.0075587680184980854,0.15,340.02301025390625
3.56,913,329,301056,89.96,147,0.078662109375,1129.6290700912475,0.0003,-0.5122490953654051,1460,0.3832120895385742,0.004241964,-0.006494878849480301,0.15,760.115966796875
3.6,913,331,303104,79.32,148,0.069287109375,980.9839144706726,0.0003,-0.4996910462155938,1470,0.36325985193252563,0.0039253132,-0.007640450412873178,0.15,432.2469177246094
3.51,913,334,305152,85.73,149,0.10068359375,989.4203607082367,0.0003,-0.5739184428006411,1480,0.5438564121723175,0.008427549,-0.010048657764127712,0.15,594.1610107421875
3.44,913,336,307200,85.36,150,0.073779296875,950.6506949424744,0.0003,-0.48857389101758597,1490,0.2771458029747009,0.003489052,-0.006209060186665738,0.15,480.54168701171875
3.52,912,338,309248,78.28,151,0.05869140625,960.6708037853241,0.0003,-0.47148713329806924,1500,0.31543922424316406,0.004015347,-0.005819397313462105,0.15,352.5152893066406
3.76,912,341,311296,80.45,152,0.08515625,1015.2082788467408,0.0003,-0.4747227322310209,1510,0.3471023440361023,0.004477507,-0.007634438980312552,0.15,740.9613037109375
3.42,912,343,313344,84.14,153,0.0626953125,935.3135886669158,0.0003,-0.49115734053775667,1520,0.490842342376709,0.0035247607,-0.006908772174938349,0.15,611.9825439453125
3.69,912,345,315392,78.97,154,0.083544921875,960.6117353439331,0.0003,-0.4439092675223947,1530,0.2789260745048523,0.004240184,-0.006154014409548836,0.15,724.0054931640625
3.65,912,347,317440,82.92,155,0.07138671875,928.490068244934,0.0003,-0.4715844006277621,1540,0.4141056537628174,0.004134362,-0.007156735463649966,0.15,428.55364990234375
3.34,911,350,319488,82.07,156,0.061181640625,905.7353664398194,0.0003,-0.44872587388381363,1550,0.44896578788757324,0.0042981664,-0.006486421113368124,0.15,558.7738037109375
3.6,910,353,321536,86.68,157,0.04931640625,1192.8595029830933,0.0003,-0.4543599274940789,1560,0.27220892906188965,0.0032196732,-0.0063001436195918355,0.15,477.1100769042969
3.49,910,355,323584,85.78,158,0.081103515625,992.5431813240051,0.0003,-0.4695624534972012,1570,0.37253499031066895,0.004586675,-0.008493666307913372,0.15,517.2179565429688
3.56,909,358,325632,87.56,159,0.090966796875,982.971712398529,0.0003,-0.4448856976814568,1580,0.30096185207366943,0.006542041,-0.006860408647480653,0.15,730.8539428710938
3.91,907,361,327680,79.68,160,0.090625,877.0263139724732,0.0003,-0.4815295826643705,1590,0.3735811710357666,0.00589976,-0.008087871268071468,0.15,311.8889465332031
3.93,907,363,329728,78.83,161,0.091259765625,1109.6732915878297,0.0003,-0.49409691207110884,1600,0.41610026359558105,0.004315328,-0.009581185348361032,0.15,742.303955078125
3.44,907,365,331776,73.73,162,0.07890625,1055.3000549793244,0.0003,-0.5262359226122498,1610,0.43168145418167114,0.0043875934,-0.007636662627919577,0.15,191.7722930908203
3.42,907,367,333824,78.37,163,0.088037109375,1122.0706242561341,0.0003,-0.5096294248476625,1620,0.494748055934906,0.0049840044,-0.008376014880923321,0.15,924.7201538085938
3.35,907,370,335872,85.63,164,0.068603515625,1153.6561916351318,0.0003,-0.49855888206511734,1630,0.3403933644294739,0.0036462215,-0.00715784729400184,0.15,720.5183715820312
3.69,907,372,337920,80.29,165,0.084619140625,1041.176616001129,0.0003,-0.4702239215373993,1640,0.3101198077201843,0.0054361536,-0.008570063547085737,0.15,775.3092651367188
3.44,908,374,339968,84.25,166,0.064306640625,1015.429991531372,0.0003,-0.46797021143138406,1650,0.3630850315093994,0.004197103,-0.007183184678433463,0.15,281.5513916015625
3.45,908,376,342016,76.11,167,0.072119140625,993.3667127609253,0.0003,-0.4659731525927782,1660,0.3589346408843994,0.004829972,-0.009339477366302163,0.15,513.7113647460938
4.11,908,378,344064,85.24,168,0.0818359375,905.8068931579589,0.0003,-0.46647667763754724,1670,0.4302058219909668,0.00467085,-0.006978933577192948,0.15,378.2082214355469
4.13,908,380,346112,77.61,169,0.06298828125,818.1252795219422,0.0003,-0.4790952276438475,1680,0.46043652296066284,0.004097128,-0.005789294565329328,0.15,493.2195129394531
3.3,908,383,348160,73.7,170,0.079931640625,985.8993494033814,0.0003,-0.4857724835164845,1690,0.46182066202163696,0.0037488053,-0.008121716536697932,0.15,195.6007080078125
3.49,908,385,350208,90.8,171,0.06953125,1089.2333716392518,0.0003,-0.480819782987237,1700,0.4355321526527405,0.0041248533,-0.0067038939247140664,0.15,316.553466796875
3.57,908,387,352256,81.78,172,0.086767578125,806.4945887088776,0.0003,-0.44990165894851086,1710,0.31632816791534424,0.0050957827,-0.007972875005361858,0.15,550.2359619140625
3.71,908,390,354304,80.75,173,0.084619140625,954.8063957214356,0.0003,-0.4830748064443469,1720,0.4039088487625122,0.0034808198,-0.005819551186868921,0.15,455.9211120605469
3.42,908,392,356352,87.78,174,0.069189453125,924.4553606510162,0.0003,-0.47591572413221,1730,0.4046708345413208,0.0035121199,-0.006196112633915618,0.15,377.30084228515625
3.54,908,394,358400,81.99,175,0.07900390625,1056.5690910339356,0.0003,-0.4747530519962311,1740,0.37043893337249756,0.004779865,-0.007898817034583772,0.15,666.8756103515625
3.44,908,396,360448,82.97,176,0.095458984375,1072.3332257270813,0.0003,-0.45548845548182726,1750,0.3726085424423218,0.0054378933,-0.007891524799561012,0.15,792.9154663085938
3.46,907,399,362496,87.91,177,0.079931640625,1028.2451884269715,0.0003,-0.4963049818761647,1760,0.4791420102119446,0.004021801,-0.00841051668394357,0.15,360.2242431640625
3.53,907,401,364544,84.43,178,0.075439453125,883.9784538269043,0.0003,-0.43802834674715996,1770,0.33117979764938354,0.004951227,-0.007100653081579367,0.15,328.1011962890625
3.5,907,404,366592,87.78,179,0.0654296875,1149.2704453468323,0.0003,-0.44584505995735524,1780,0.2876063585281372,0.004870073,-0.006571283006633166,0.15,567.4866943359375
3.64,907,406,368640,82.98,180,0.087548828125,907.0150436401367,0.0003,-0.4574382367543876,1790,0.3668330907821655,0.0053632604,-0.007673932881152723,0.15,710.6626586914062
3.38,907,408,370688,91.5,181,0.08203125,868.4905832290649,0.0003,-0.4547889528796077,1800,0.40248000621795654,0.0046900893,-0.00770300275326008,0.15,511.0542907714844
3.32,907,410,372736,80.83,182,0.064208984375,1050.7579523086547,0.0003,-0.4403730220161378,1810,0.2931597828865051,0.0037030238,-0.006129610295465682,0.15,595.7564086914062
3.57,907,412,374784,78.28,183,0.071630859375,1046.2306454658508,0.0003,-0.456846104376018,1820,0.3679654598236084,0.004573359,-0.006621078975149431,0.15,667.2783203125
3.38,907,415,376832,81.95,184,0.07646484375,1026.827572631836,0.0003,-0.437753701210022,1830,0.41354984045028687,0.005134474,-0.007733024746994488,0.15,537.2994995117188
3.34,907,417,378880,83.49,185,0.061083984375,933.3258666992188,0.0003,-0.41654808139428495,1840,0.3087647557258606,0.003355248,-0.006174577723140828,0.15,395.382568359375
3.65,906,420,380928,86.62,186,0.076171875,944.4972476005554,0.0003,-0.44018126390874385,1850,0.4724229574203491,0.004354096,-0.007140899031946901,0.15,562.5805053710938
3.5,906,422,382976,87.82,187,0.0681640625,841.0087366104126,0.0003,-0.43073296481743456,1860,0.425555944442749,0.003624741,-0.006521081355458591,0.15,321.5672607421875
3.65,906,424,385024,87.67,188,0.0677734375,879.2095836162567,0.0003,-0.4052471206523478,1870,0.22093087434768677,0.0040069185,-0.0069292045838665215,0.15,383.2208557128906
3.67,906,426,387072,84.25,189,0.0474609375,931.7525644302368,0.0003,-0.40542351165786383,1880,0.30527859926223755,0.00255755,-0.004738247645582306,0.15,403.6655578613281
3.45,906,429,389120,86.56,190,0.077783203125,1003.6511401176452,0.0003,-0.4256740809418261,1890,0.3473691940307617,0.0036036563,-0.007277786778286099,0.15,585.1062622070312
3.34,906,431,391168,78.39,191,0.044775390625,920.5537840843201,0.0003,-0.4006934686563909,1900,0.33436650037765503,0.002514253,-0.00418025437174947,0.15,923.7623291015625
3.47,906,433,393216,86.84,192,0.064013671875,1032.0740780830383,0.0003,-0.3957981967367232,1910,0.3046543002128601,0.0043163197,-0.006077713292324915,0.15,734.4992065429688
3.38,906,436,395264,90.6,193,0.0677734375,841.3697952270508,0.0003,-0.39695194326341154,1920,0.3816291093826294,0.0033940403,-0.007227693965251092,0.15,533.8006591796875
3.57,905,438,397312,80.81,194,0.050341796875,889.9673403263092,0.0003,-0.36673674192279576,1930,0.29460251331329346,0.0035432251,-0.005401250963768689,0.15,222.94435119628906
3.41,905,440,399360,85.61,195,0.058837890625,1071.0092511177063,0.0003,-0.4032547320239246,1940,0.38984471559524536,0.0037096094,-0.007436285790026887,0.15,657.3485717773438
3.49,905,443,401408,81.54,196,0.070166015625,799.1674139499664,0.0003,-0.37932126177474856,1950,0.3761436939239502,0.0046634357,-0.00720722295664018,0.15,340.41339111328125
3.45,905,445,403456,80.54,197,0.0490234375,888.3213238716125,0.0003,-0.38844698332250116,1960,0.2576625347137451,0.003153009,-0.005548648861804395,0.15,439.41650390625
3.42,904,448,405504,91.42,198,0.071826171875,854.3867658615112,0.0003,-0.3831093837507069,1970,0.27309900522232056,0.0048811063,-0.006194092675286811,0.15,448.0829772949219
3.28,904,450,407552,84.24,199,0.04384765625,892.5847884654999,0.0003,-0.40829076021909716,1980,0.4171302318572998,0.002736966,-0.004642079031327739,0.15,368.2847595214844
3.86,904,452,409600,84.92,200,0.05791015625,920.1976311206818,0.0003,-0.40023243697360156,1990,0.40059149265289307,0.0035899477,-0.007248936828545993,0.15,603.5374145507812
3.24,904,454,411648,79.52,201,0.04931640625,924.3868084907532,0.0003,-0.39798815865069626,2000,0.43558311462402344,0.0027612918,-0.005557550628145691,0.15,367.1966857910156
3.24,904,457,413696,80.91,202,0.0650390625,962.3917888641357,0.0003,-0.36786925392225384,2010,0.3408001661300659,0.0033109975,-0.00717432574765553,0.15,675.6964111328125
3.44,903,459,415744,80.66,203,0.07255859375,908.3284756660462,0.0003,-0.3827262449078262,2020,0.3882821798324585,0.0045806216,-0.006685995339648798,0.15,396.4463195800781
3.45,903,462,417792,85.85,204,0.064013671875,954.7923582553864,0.0003,-0.3834683354012668,2030,0.2823863625526428,0.0047491128,-0.005920073436573148,0.15,344.8363342285156
3.38,903,464,419840,86.81,205,0.07177734375,942.8388376235962,0.0003,-0.39525654520839454,2040,0.3382529020309448,0.0038158973,-0.008839771847851808,0.15,763.5421142578125
3.51,903,467,421888,85.3,206,0.05380859375,754.1332641601563,0.0003,-0.4066906158812344,2050,0.3832177519798279,0.0036111586,-0.006595336560712895,0.15,266.7650146484375
3.43,902,469,423936,93.99,207,0.06884765625,849.0861516952515,0.0003,-0.3924343692138791,2060,0.3274959325790405,0.0029160404,-0.0059862375725060705,0.15,544.3016357421875
3.36,902,471,425984,87.78,208,0.08583984375,881.3603870391846,0.0003,-0.3975644952617586,2070,0.417186439037323,0.0048864186,-0.00855405274705845,0.15,420.0833740234375
3.54,902,474,428032,84.61,209,0.073046875,937.6423258304596,0.0003,-0.3805708009749651,2080,0.349953830242157,0.0037287658,-0.006733682666526875,0.15,678.3260498046875
3.32,902,476,430080,82.08,210,0.068408203125,930.5694183349609,0.0003,-0.3795293095521629,2090,0.30585813522338867,0.003989086,-0.008236110201687552,0.15,824.641357421875
3.38,903,478,432128,85.59,211,0.0658203125,905.1175318241119,0.0003,-0.3670412068720907,2100,0.3021199703216553,0.0043664062,-0.005611500742816133,0.15,447.0827941894531
3.79,903,480,434176,80.73,212,0.0626953125,814.4016031742096,0.0003,-0.3760764983482659,2110,0.4004780650138855,0.003190936,-0.00586561690288363,0.15,133.97793579101562
3.38,903,482,436224,91.48,213,0.07607421875,1080.1655760765075,0.0003,-0.3807725545950234,2120,0.33019983768463135,0.0042692767,-0.005672345787752419,0.15,353.8522644042969
3.6,903,485,438272,80.57,214,0.06484375,761.4003290653229,0.0003,-0.361485349573195,2130,0.25971758365631104,0.0048828605,-0.007301148345504771,0.15,485.2243957519531
3.38,903,487,440320,87.99,215,0.048291015625,1024.693368434906,0.0003,-0.37554637407884,2140,0.3264251947402954,0.002737446,-0.006049276886187727,0.15,447.9085693359375
3.45,903,489,442368,88.34,216,0.06162109375,839.5751842975617,0.0003,-0.3819122323766351,2150,0.29651564359664917,0.0033821012,-0.0046736533658986446,0.15,441.758544921875
3.44,903,491,444416,86.52,217,0.06904296875,854.2765439987182,0.0003,-0.39611280979588626,2160,0.38438284397125244,0.0038591842,-0.004713009946863167,0.15,648.7821044921875
3.28,903,494,446464,85.73,218,0.063623046875,881.9338237762452,0.0003,-0.37999645322561265,2170,0.35275524854660034,0.0035699592,-0.006627715121430811,0.15,370.2612609863281
3.41,903,496,448512,86.58,219,0.061474609375,968.7692322731018,0.0003,-0.40683690290898084,2180,0.39371776580810547,0.0032886884,-0.006214963085949421,0.15,587.6943969726562
3.62,902,499,450560,83.94,220,0.0802734375,827.6015848636628,0.0003,-0.37060688631609084,2190,0.3153703808784485,0.004623939,-0.00891677900654031,0.15,447.0057678222656
3.71,902,501,452608,85.04,221,0.0642578125,902.1218071460723,0.0003,-0.4148432116024196,2200,0.5401601791381836,0.004428521,-0.008046256075613201,0.15,450.506591796875
3.35,902,503,454656,83.08,222,0.0646484375,1001.434215259552,0.0003,-0.3941883558407426,2210,0.39838463068008423,0.0034848135,-0.006540463370038196,0.15,550.0922241210938
3.43,901,506,456704,88.12,223,0.076025390625,861.8787661552429,0.0003,-0.37047363398596644,2220,0.3759632706642151,0.00325247,-0.005826556670945138,0.15,385.4173889160156
3.32,901,508,458752,88.11,224,0.056982421875,954.15221118927,0.0003,-0.3696003888733685,2230,0.3521375060081482,0.0025390591,-0.005106920217804145,0.15,350.0657958984375
3.35,901,510,460800,83.12,225,0.10908203125,747.4731345653533,0.0003,-0.4339963703416288,2240,0.6053835153579712,0.006281947,-0.009164451227115933,0.15,462.5426940917969
3.4,901,513,462848,90.18,226,0.064453125,923.3593246459961,0.0003,-0.3601734237745404,2250,0.31693512201309204,0.0033704587,-0.006970066719804891,0.15,519.7513427734375
3.47,901,515,464896,82.38,227,0.05654296875,984.6182437896729,0.0003,-0.3597685402259231,2260,0.3793145418167114,0.0034839027,-0.006604063913982827,0.15,496.5481262207031
3.39,901,517,466944,89.53,228,0.044091796875,835.0764000415802,0.0003,-0.3507784586865455,2270,0.3660320043563843,0.0033111386,-0.004547559087222907,0.15,250.133544921875
3.32,902,519,468992,83.29,229,0.06005859375,932.9526040554047,0.0003,-0.35911987675353885,2280,0.21400678157806396,0.005537784,-0.006054463578766445,0.15,394.5775451660156
3.46,902,521,471040,83.36,230,0.0603515625,794.3120425224304,0.0003,-0.3599240768700838,2290,0.371768593788147,0.0048507988,-0.006176769870580756,0.15,206.06536865234375
4.16,902,524,473088,81.02,231,0.06513671875,814.7088966369629,0.0003,-0.3633374199271202,2300,0.4472329616546631,0.0038188128,-0.0055903319705976175,0.15,399.33843994140625
3.34,903,526,475136,89.55,232,0.062158203125,889.8181085109711,0.0003,-0.41309403963387015,2310,0.5684654414653778,0.0057889484,-0.007504681737918873,0.15,346.82098388671875
3.38,903,528,477184,88.16,233,0.06328125,903.9866111278534,0.0003,-0.35424871840514244,2320,0.3092880845069885,0.0045301,-0.007954322223849886,0.15,330.1562194824219
3.41,903,530,479232,78.56,234,0.0763671875,849.9908948421478,0.0003,-0.3512259742245078,2330,0.3701263666152954,0.0041277185,-0.008597403489693534,0.15,538.9073486328125
3.44,903,532,481280,84.28,235,0.06943359375,834.3980937719346,0.0003,-0.34428652822971345,2340,0.3474348187446594,0.0040357434,-0.00645013602625113,0.15,259.4447937011719
3.45,904,534,483328,83.09,236,0.06220703125,1002.7137125968933,0.0003,-0.3471820540726185,2350,0.27355462312698364,0.004035865,-0.00790070865477901,0.15,467.1240539550781
3.39,904,536,485376,87.11,237,0.070947265625,880.670285987854,0.0003,-0.3850314526818693,2360,0.3963814973831177,0.003320363,-0.007047162975504761,0.15,390.6849670410156
3.33,904,539,487424,92.74,238,0.076123046875,741.7123774409295,0.0003,-0.35152950501069424,2370,0.30613428354263306,0.0052187713,-0.008804369090285036,0.15,276.9328308105469
3.53,903,541,489472,80.49,239,0.058154296875,919.5457689285279,0.0003,-0.37380585735663774,2380,0.3193356394767761,0.0025632535,-0.005780411216255743,0.15,356.5531311035156
3.32,903,543,491520,88.58,240,0.066064453125,999.5099329948425,0.0003,-0.3555932669900358,2390,0.3507680296897888,0.0038260338,-0.006745081718690926,0.15,499.8105773925781
3.47,903,546,493568,89.23,241,0.071728515625,879.9296347618103,0.0003,-0.34152651191689076,2400,0.2760586738586426,0.003389866,-0.0070201355702010915,0.15,342.8675537109375
3.31,903,548,495616,89.16,242,0.070068359375,811.357294845581,0.0003,-0.3362339499872178,2410,0.37661492824554443,0.004282004,-0.007841029163682834,0.15,543.760986328125
3.34,903,550,497664,93.96,243,0.06416015625,685.511514878273,0.0003,-0.33166580884717406,2420,0.31330400705337524,0.0033489405,-0.005342754452431109,0.15,309.72637939453125
3.28,903,553,499712,87.94,244,0.0560546875,688.7632960557937,0.0003,-0.32747687827795746,2430,0.3435380458831787,0.0029364077,-0.005475083683268167,0.15,305.15679931640625
3.39,903,555,501760,82.18,245,0.065966796875,827.1914565563202,0.0003,-0.3524582266807556,2440,0.40553683042526245,0.0072958507,-0.006627086141816107,0.15,638.3241577148438
3.33,902,557,503808,82.11,246,0.0529296875,966.8638872146606,0.0003,-0.3579518281854689,2450,0.3167423605918884,0.0033238712,-0.005193090635293629,0.15,358.2992248535156
3.42,903,560,505856,83.57,247,0.063427734375,953.1563792228699,0.0003,-0.35604481687769296,2460,0.382770299911499,0.0033908165,-0.005635608067677822,0.15,661.3419189453125
3.32,903,562,507904,86.74,248,0.055712890625,904.10091547966,0.0003,-0.34341947082430124,2470,0.35061562061309814,0.0033119824,-0.0066896420343255155,0.15,415.6702880859375
3.29,903,564,509952,86.78,249,0.056884765625,673.5639736413956,0.0003,-0.33947980534285305,2480,0.400435209274292,0.0035810983,-0.005517064154264517,0.15,181.73965454101562
3.4,903,566,512000,80.84,250,0.039208984375,892.1176417350769,0.0003,-0.3400226898025721,2490,0.31623268127441406,0.0025360095,-0.004222999763442203,0.15,385.8246154785156
3.38,902,569,514048,89.42,251,0.0595703125,856.4486137151719,0.0003,-0.3307329908013344,2500,0.3666389584541321,0.002998055,-0.006353658793523209,0.15,411.25604248046875
3.39,902,571,516096,91.61,252,0.053369140625,914.4562724590302,0.0003,-0.32321531008929016,2510,0.27198857069015503,0.0033722273,-0.0048674346093321216,0.15,305.3649597167969
3.36,902,574,518144,90.34,253,0.04970703125,906.007173204422,0.0003,-0.3125327527988702,2520,0.23560261726379395,0.002714827,-0.005145814882416744,0.15,623.2255249023438
3.41,902,576,520192,84.56,254,0.052294921875,792.4421203136444,0.0003,-0.2962200366426259,2530,0.23962992429733276,0.0033305325,-0.005807179880503099,0.15,548.726318359375
3.36,902,578,522240,80.98,255,0.04609375,931.0884642601013,0.0003,-0.3136981655843556,2540,0.36021870374679565,0.0020650967,-0.006850992226100061,0.15,664.8941040039062
4.06,902,580,524288,77.14,256,0.04130859375,954.163150882721,0.0003,-0.29729581288993356,2550,0.2646752595901489,0.0028742228,-0.004635328745644074,0.15,456.2531433105469
3.34,901,583,526336,89.25,257,0.065087890625,794.131494474411,0.0003,-0.32089317389763894,2560,0.43119490146636963,0.0055496,-0.006016130093485117,0.15,343.1474304199219
3.32,901,586,528384,85.86,258,0.0484375,881.1247898101807,0.0003,-0.31880154958926143,2570,0.33372199535369873,0.003385704,-0.0063512245036690725,0.15,537.0545043945312
3.24,900,588,530432,86.8,259,0.06318359375,721.9880837917328,0.0003,-0.3080255034845322,2580,0.3724769949913025,0.0039482475,-0.006500983891601209,0.15,287.75628662109375
3.38,900,591,532480,84.45,260,0.054052734375,893.7652215003967,0.0003,-0.2994427722413093,2590,0.26173514127731323,0.0037545937,-0.006209957218379714,0.15,421.92169189453125
3.37,899,594,534528,85.99,261,0.06962890625,749.7305687189103,0.0003,-0.32228383314795794,2600,0.3447043299674988,0.0037589725,-0.006266390801465604,0.15,356.4569396972656
3.28,898,597,536576,83.27,262,0.049462890625,783.3248788833619,0.0003,-0.3101272465195507,2610,0.2928004860877991,0.0027662213,-0.0038000612999894655,0.15,310.2469482421875
3.33,897,600,538624,83.14,263,0.05517578125,913.4727596282959,0.0003,-0.3104904522653669,2620,0.3233734369277954,0.003348561,-0.004640359625045676,0.15,285.86041259765625
3.36,896,603,540672,79.67,264,0.0533203125,923.2964457035065,0.0003,-0.3157812461722642,2630,0.2751516103744507,0.0031365645,-0.003979837694350863,0.15,580.1018676757812
3.35,895,606,542720,87.1,265,0.051806640625,1001.0780679702759,0.0003,-0.3080829332116991,2640,0.262312650680542,0.0026713635,-0.005228727273788536,0.15,638.7767333984375
3.39,894,609,544768,84.47,266,0.0484375,943.1417393684387,0.0003,-0.30510198906995356,2650,0.3118235468864441,0.002689399,-0.006996351746056462,0.15,435.20770263671875
3.39,892,612,546816,86.76,267,0.0708984375,738.9735931873322,0.0003,-0.33516971464268863,2660,0.3974788784980774,0.0040931236,-0.009266708394716262,0.15,484.4499816894531
3.37,891,615,548864,90.47,268,0.044677734375,930.6202834129333,0.0003,-0.3038320625666529,2670,0.2801539897918701,0.0038778442,-0.005570945671934169,0.15,386.627685546875
3.32,890,618,550912,84.51,269,0.05458984375,829.5569014549255,0.0003,-0.30763792977668347,2680,0.27235013246536255,0.0035618297,-0.004480976219929289,0.15,483.2998352050781
3.98,889,621,552960,84.77,270,0.067138671875,914.6038250923157,0.0003,-0.32570574288256465,2690,0.29744189977645874,0.0032152478,-0.00812350757769309,0.15,265.6263427734375
3.42,887,625,555008,86.84,271,0.073388671875,849.8653897285461,0.0003,-0.34592076879926026,2700,0.33164554834365845,0.005072996,-0.006543384019460063,0.15,627.1228637695312
3.35,885,628,557056,87.17,272,0.054443359375,790.8032765388489,0.0003,-0.3145382897462696,2710,0.3692604899406433,0.003144904,-0.006153008816909278,0.15,538.4409790039062
3.29,884,632,559104,89.12,273,0.047802734375,866.1995969772339,0.0003,-0.3067561169154942,2720,0.277670681476593,0.0028162482,-0.004755362457217416,0.15,510.23486328125
3.33,883,635,561152,90.28,274,0.06494140625,806.240226650238,0.0003,-0.30814472842030227,2730,0.3471646308898926,0.0033640838,-0.005864578710315982,0.15,483.8742980957031
3.31,882,638,563200,87.96,275,0.04384765625,812.2729131221771,0.0003,-0.3042555755935609,2740,0.4076225161552429,0.002659942,-0.004475898532109568,0.15,316.361328125
3.29,882,640,565248,86.74,276,0.062109375,861.467725276947,0.0003,-0.310139737278223,2750,0.3065505027770996,0.0036729951,-0.008111106845899486,0.15,510.6310119628906
3.31,880,643,567296,91.58,277,0.043896484375,821.4560621738434,0.0003,-0.29783156714402137,2760,0.33810722827911377,0.0027710344,-0.0057740407828532625,0.15,322.2281188964844
3.33,880,646,569344,85.95,278,0.06904296875,813.5106618404388,0.0003,-0.31160158277489247,2770,0.3343800902366638,0.0043014325,-0.006398793052721885,0.15,396.22607421875
3.22,879,649,571392,78.38,279,0.073681640625,938.1859363555908,0.0003,-0.32333753993734715,2780,0.31567931175231934,0.0037866957,-0.004990689007536275,0.15,491.0257263183594
3.47,878,652,573440,86.96,280,0.063623046875,942.4968165397644,0.0003,-0.3194404414854944,2790,0.26836979389190674,0.0038168423,-0.006852617526601534,0.15,462.5191345214844
3.4,878,655,575488,89.44,281,0.048388671875,799.6035297870636,0.0003,-0.3297290093731135,2800,0.35878270864486694,0.0029588551,-0.005598258430109126,0.15,244.1548614501953
3.33,877,657,577536,83.46,282,0.060595703125,895.948623752594,0.0003,-0.3159406785853207,2810,0.31366199254989624,0.003219581,-0.00793433239814476,0.15,490.15911865234375
3.27,876,660,579584,90.38,283,0.058349609375,740.9273931503296,0.0003,-0.2951886354479939,2820,0.32617121934890747,0.0034145778,-0.00633941048727138,0.15,360.51605224609375
3.43,875,663,581632,88.13,284,0.057958984375,876.6187897205352,0.0003,-0.30564693924970926,2830,0.3558778166770935,0.0036944032,-0.0064422993149491955,0.15,365.9763488769531
3.39,875,666,583680,86.68,285,0.053662109375,654.8306834936142,0.0003,-0.3062095491215587,2840,0.2121124267578125,0.0045170314,-0.006580211754771881,0.15,291.47760009765625
3.31,874,669,585728,90.36,286,0.060693359375,857.2690612792969,0.0003,-0.31215188088826834,2850,0.31857991218566895,0.003730146,-0.006964963518839795,0.15,447.5523986816406
3.33,873,672,587776,85.84,287,0.0634765625,801.3729262828826,0.0003,-0.30509938453324137,2860,0.27553361654281616,0.0038158263,-0.0061503954355430325,0.15,544.7308959960938
3.39,872,675,589824,84.34,288,0.053564453125,987.6198478698731,0.0003,-0.30924459286034106,2870,0.3028005361557007,0.003060802,-0.0065753651855629865,0.15,605.5493774414062
3.37,871,679,591872,84.37,289,0.054736328125,778.828528547287,0.0003,-0.3197186112869531,2880,0.3111657500267029,0.0040404396,-0.005242667530546896,0.15,291.80926513671875
3.34,870,682,593920,84.85,290,0.057421875,918.1403791427613,0.0003,-0.31844658642075957,2890,0.374436616897583,0.0036668936,-0.005962814234226244,0.15,298.94622802734375
3.35,870,684,595968,90.3,291,0.062939453125,837.8267947673797,0.0003,-0.29719594698399304,2900,0.29009461402893066,0.0042455145,-0.006264941936387913,0.15,374.50372314453125
3.39,870,686,598016,83.19,292,0.08037109375,741.9032014846802,0.0003,-0.30594397941604257,2910,0.3426077961921692,0.005276545,-0.007858970264351228,0.15,343.3904113769531
3.37,871,688,600064,92.87,293,0.060498046875,946.4901618003845,0.0003,-0.317604800965637,2920,0.3445785641670227,0.0038854647,-0.007136339957651216,0.15,470.4374694824219
3.39,871,691,602112,86.93,294,0.05126953125,899.8005964756012,0.0003,-0.3099056626204401,2930,0.2929759621620178,0.0028618057,-0.0056996198545675725,0.15,347.688232421875
3.32,871,693,604160,90.49,295,0.0666015625,692.0904446601868,0.0003,-0.3095757850911468,2940,0.3455285429954529,0.0052929576,-0.006049835999147035,0.15,290.7263488769531
3.37,871,695,606208,90.47,296,0.04970703125,708.9292067527771,0.0003,-0.3196805404964834,2950,0.28907322883605957,0.002666862,-0.005056086277909344,0.15,387.43341064453125
3.45,871,697,608256,90.33,297,0.054345703125,785.7776155471802,0.0003,-0.33073452371172607,2960,0.33154380321502686,0.00366704,-0.006253612296131905,0.15,355.18280029296875
3.37,872,699,610304,89.29,298,0.047314453125,817.7679432868957,0.0003,-0.336473763268441,2970,0.3165024518966675,0.003242284,-0.005322889392482466,0.15,210.78305053710938
3.4,872,701,612352,81.92,299,0.08125,696.072694826126,0.0003,-0.33666534554213284,2980,0.35453569889068604,0.0045300666,-0.006891611095124972,0.15,471.294921875
3.3,872,704,614400,91.6,300,0.08330078125,681.8480481863022,0.0003,-0.34151132046245036,2990,0.31647056341171265,0.004167832,-0.007045606281826622,0.15,423.07281494140625
3.38,872,706,616448,89.08,301,0.0615234375,725.3482567071915,0.0003,-0.31905807289294896,3000,0.41362303495407104,0.0029406187,-0.00602582465580781,0.15,347.6219482421875
3.28,873,708,618496,79.71,302,0.05009765625,902.5040529727936,0.0003,-0.3193441786337644,3010,0.2714272141456604,0.0023780027,-0.005831462678179378,0.15,445.1521301269531
3.34,873,710,620544,87.94,303,0.061083984375,877.9520619392395,0.0003,-0.3166590909007937,3020,0.2715124487876892,0.0031114572,-0.006567886804987211,0.15,181.0709228515625
3.22,873,712,622592,85.56,304,0.082373046875,816.6581621170044,0.0003,-0.303806874062866,3030,0.29409271478652954,0.0062853703,-0.00908311688399408,0.15,373.0882263183594
3.3,873,715,624640,81.96,305,0.05224609375,846.5449545383453,0.0003,-0.3001568763516843,3040,0.2943653464317322,0.003304195,-0.006791333889123052,0.15,317.1332092285156
3.25,873,717,626688,92.74,306,0.06005859375,843.9722002029418,0.0003,-0.3046401287894696,3050,0.32352983951568604,0.0030195087,-0.007858143534394912,0.15,505.4496154785156
3.33,873,720,628736,84.28,307,0.079736328125,649.6397126197814,0.0003,-0.31491476893424986,3060,0.3383708596229553,0.0042670863,-0.008085200269852067,0.15,318.5836486816406
3.31,873,722,630784,86.72,308,0.05869140625,861.8588396072388,0.0003,-0.3113038578536361,3070,0.2390713095664978,0.0036031497,-0.0057711215689778324,0.15,463.0821838378906
3.33,873,724,632832,82.11,309,0.061376953125,793.3889105796814,0.0003,-0.31716854027472435,3080,0.3103755712509155,0.0035331151,-0.007636164751966134,0.15,280.4649963378906
3.39,873,726,634880,84.33,310,0.062353515625,817.6892577648163,0.0003,-0.3138035417534411,3090,0.3950080871582031,0.0035891728,-0.00889729799964698,0.15,552.4374389648438
3.31,873,729,636928,85.73,311,0.053271484375,670.8123528003692,0.0003,-0.32327633374370635,3100,0.3846186399459839,0.0046281046,-0.0060312972018436994,0.15,248.1129608154297
3.31,873,731,638976,84.51,312,0.04814453125,750.3670647144318,0.0003,-0.3156940382439643,3110,0.3492005467414856,0.0030220742,-0.005279218307259725,0.15,338.3800354003906
3.3,873,733,641024,86.93,313,0.06025390625,901.3134892940521,0.0003,-0.3136054514441639,3120,0.33661651611328125,0.005224026,-0.009191848983391537,0.15,370.9250183105469
3.3,873,736,643072,88.13,314,0.0712890625,796.2311179399491,0.0003,-0.3078076608944684,3130,0.2998316287994385,0.0049860207,-0.0052772967988858,0.15,470.1845397949219
3.22,873,738,645120,86.95,315,0.043017578125,922.2887900352478,0.0003,-0.3019677550997585,3140,0.31061869859695435,0.0026464185,-0.005081399310438428,0.15,387.9685363769531
3.22,874,740,647168,82.0,316,0.076611328125,778.1913752555847,0.0003,-0.31129460795782504,3150,0.3777087926864624,0.0036180546,-0.006785978088737465,0.15,543.4710693359375
3.36,874,742,649216,77.42,317,0.07080078125,872.410506439209,0.0003,-0.3037215634714812,3160,0.3321174383163452,0.0035821958,-0.0077724307804601265,0.15,271.70306396484375
3.32,874,744,651264,91.52,318,0.06357421875,887.045602941513,0.0003,-0.3156584887765348,3170,0.366721510887146,0.0037064701,-0.0075620014154992535,0.15,471.86065673828125
3.25,874,746,653312,90.34,319,0.06064453125,714.471767616272,0.0003,-0.29823020067997275,3180,0.3107241988182068,0.0028030833,-0.006278597078926395,0.15,353.4026794433594
3.37,875,748,655360,82.14,320,0.062109375,793.2358578681946,0.0003,-0.2933155938051641,3190,0.30295801162719727,0.0035718281,-0.00638455031948979,0.15,324.2777099609375
3.2,875,751,657408,85.93,321,0.058203125,795.2982115745544,0.0003,-0.2921401626430452,3200,0.2769629955291748,0.004143538,-0.005858581559732556,0.15,351.4583740234375
3.32,875,753,659456,89.18,322,0.07265625,771.5669948101043,0.0003,-0.2991384180728346,3210,0.3716548681259155,0.0036482261,-0.00929914529697271,0.15,446.2890930175781
3.32,875,755,661504,81.06,323,0.053369140625,725.5643892288208,0.0003,-0.2911855768878013,3220,0.2863460183143616,0.0029447698,-0.004470771297928877,0.15,470.05291748046875
3.36,876,757,663552,89.18,324,0.071630859375,872.9324276447296,0.0003,-0.32172154234722256,3230,0.33987295627593994,0.003825779,-0.007557661517785164,0.15,211.94969177246094
3.37,876,759,665600,88.11,325,0.0443359375,893.467154455185,0.0003,-0.28041234221309425,3240,0.33076339960098267,0.0019689281,-0.004986319654562976,0.15,384.5888977050781
3.45,876,761,667648,80.97,326,0.049951171875,718.3727552890778,0.0003,-0.2828352252021432,3250,0.2589285373687744,0.002651034,-0.005389557126181899,0.15,364.89532470703125
3.38,876,764,669696,86.89,327,0.04970703125,796.0269857406616,0.0003,-0.28938174303621056,3260,0.2970479130744934,0.003197293,-0.006061637209495529,0.15,231.9392547607422
3.34,876,766,671744,89.12,328,0.06181640625,685.4487537145615,0.0003,-0.2936241756659001,3270,0.3541386127471924,0.0033339816,-0.0053296325968403835,0.15,361.37847900390625
3.28,876,768,673792,84.38,329,0.046728515625,832.5093378543854,0.0003,-0.29509272971190514,3280,0.3232908844947815,0.0022507524,-0.004642283012799453,0.15,368.0392150878906
3.36,876,771,675840,88.07,330,0.0607421875,826.1327534675598,0.0003,-0.2997501110192388,3290,0.3515777587890625,0.003183043,-0.007305482239462435,0.15,292.2394104003906
3.27,876,773,677888,88.15,331,0.055810546875,799.9777213096619,0.0003,-0.3035785668063909,3300,0.2595418095588684,0.0025371327,-0.00854617103250348,0.15,509.12152099609375
3.36,876,775,679936,74.93,332,0.06162109375,897.5440897941589,0.0003,-0.3067189714405686,3310,0.3195872902870178,0.003160286,-0.007307993744325359,0.15,266.8490295410156
3.36,876,777,681984,87.0,333,0.06337890625,878.4757238388062,0.0003,-0.31040713232941924,3320,0.3354106545448303,0.0032715006,-0.006740659856586717,0.15,632.6015625
3.27,877,779,684032,90.36,334,0.0583984375,599.4084379434586,0.0003,-0.2881365580484271,3330,0.2615521550178528,0.0032288504,-0.00604759451598511,0.15,158.36886596679688
3.4,877,782,686080,83.36,335,0.04912109375,773.5504097461701,0.0003,-0.3008076926227659,3340,0.3612256646156311,0.0027347282,-0.006214881592313759,0.15,230.5528564453125
3.41,877,784,688128,85.75,336,0.0560546875,736.1606744766235,0.0003,-0.2946270106825978,3350,0.36244142055511475,0.003547737,-0.006759698610403575,0.15,190.39199829101562
3.35,877,786,690176,92.74,337,0.064306640625,762.1514750480652,0.0003,-0.3026450993027538,3360,0.30292993783950806,0.005948182,-0.0061306632582272865,0.15,211.59786987304688
3.41,877,788,692224,88.05,338,0.047607421875,718.1911332368851,0.0003,-0.2998496363405138,3370,0.2641533613204956,0.002880794,-0.0054120562432217415,0.15,486.9064636230469
3.27,878,790,694272,85.56,339,0.05322265625,702.5210052013397,0.0003,-0.29768358953297136,3380,0.3089671730995178,0.0042834366,-0.005723492363176774,0.15,236.7484893798828
3.3,878,792,696320,90.36,340,0.0783203125,777.2117076396942,0.0003,-0.3002956490498036,3390,0.3314656615257263,0.004761356,-0.006686243289732374,0.15,523.8999633789062
3.38,878,794,698368,92.76,341,0.053759765625,792.097643661499,0.0003,-0.31591528644785283,3400,0.3351486921310425,0.0033453822,-0.004509205272916006,0.15,575.247314453125
3.41,878,797,700416,87.94,342,0.062939453125,810.6631031513214,0.0003,-0.3140738206449896,3410,0.3418980836868286,0.0040872316,-0.005513735747081227,0.15,477.6048583984375
3.53,879,799,702464,79.96,343,0.0431640625,736.0657336235047,0.0003,-0.316541583603248,3420,0.36570072174072266,0.0023269216,-0.005382199856830994,0.15,425.95269775390625
3.31,879,801,704512,89.18,344,0.08037109375,852.8136382102966,0.0003,-0.32833808441646395,3430,0.45767807960510254,0.0042384407,-0.006895984881703043,0.15,276.8653564453125
3.34,879,803,706560,80.78,345,0.05732421875,921.2656967639923,0.0003,-0.30579805239103736,3440,0.33675575256347656,0.003099633,-0.005370614252751693,0.15,441.13128662109375
3.31,878,806,708608,84.39,346,0.06484375,853.8009510040283,0.0003,-0.3031833006069064,3450,0.23482179641723633,0.0032528532,-0.008726014755666256,0.15,460.20111083984375
3.31,878,808,710656,82.28,347,0.0775390625,836.0242429733277,0.0003,-0.29940654062666,3460,0.3002607226371765,0.003948597,-0.00598920171323698,0.15,370.669677734375
3.26,878,811,712704,89.14,348,0.07265625,871.3311608314514,0.0003,-0.3243341552559286,3470,0.43986523151397705,0.003687412,-0.006836374208796769,0.15,275.5773010253906
3.29,878,813,714752,91.75,349,0.05419921875,855.8206169128418,0.0003,-0.30572065180167557,3480,0.32074451446533203,0.0025616148,-0.00698624031356303,0.15,620.3180541992188
3.33,878,815,716800,88.45,350,0.063720703125,852.305303478241,0.0003,-0.3127631803508848,3490,0.28658127784729004,0.0041288277,-0.008173570413782727,0.15,431.99334716796875
3.56,878,817,718848,82.02,351,0.0734375,778.4302571296691,0.0003,-0.3086306566838175,3500,0.23027777671813965,0.0041994983,-0.007285157873411663,0.15,469.1660461425781
3.28,878,820,720896,83.31,352,0.068115234375,884.0943663597106,0.0003,-0.32006832235492766,3510,0.3317139148712158,0.003155143,-0.006964426173362881,0.15,309.525634765625
3.37,879,822,722944,85.58,353,0.067578125,885.6854117870331,0.0003,-0.3079501962289214,3520,0.3349682688713074,0.0046729213,-0.006311141917103668,0.15,461.1313781738281
3.4,879,824,724992,90.62,354,0.068310546875,771.1454231739044,0.0003,-0.29814414619468155,3530,0.2934361696243286,0.0037136567,-0.005731438464135863,0.15,253.7225341796875
3.35,879,826,727040,92.78,355,0.033154296875,824.9565006256104,0.0003,-0.31374046560376884,3540,0.2820214629173279,0.0018818137,-0.004674769236589782,0.15,581.0077514648438
3.46,879,828,729088,93.86,356,0.052685546875,693.4659640312195,0.0003,-0.3108995071612298,3550,0.4097898006439209,0.003230982,-0.006165516638429835,0.15,227.83578491210938
3.32,879,830,731136,87.94,357,0.0517578125,852.7671170711517,0.0003,-0.3167016026098281,3560,0.38108980655670166,0.0026323458,-0.005608955695061013,0.15,291.14666748046875
3.25,880,832,733184,79.69,358,0.054638671875,669.3209974765778,0.0003,-0.3133332523982972,3570,0.4573100805282593,0.0033028377,-0.00663592266937485,0.15,286.746337890625
3.41,880,835,735232,84.62,359,0.05947265625,846.204249048233,0.0003,-0.29178222035989165,3580,0.309814989566803,0.00346108,-0.006768662769172806,0.15,270.48822021484375
3.48,880,837,737280,95.46,360,0.05205078125,931.6903809547424,0.0003,-0.30433521275408565,3590,0.3746163845062256,0.0023246305,-0.004574305604910478,0.15,532.0224609375
3.36,880,839,739328,85.52,361,0.05732421875,739.8259590148925,0.0003,-0.2807650186587125,3600,0.26112890243530273,0.0025975555,-0.006863847115528188,0.15,188.95753479003906
3.5,880,841,741376,80.71,362,0.04169921875,876.7768326759339,0.0003,-0.3012849573045969,3610,0.2771509885787964,0.0024501914,-0.005269494363892591,0.15,483.1747741699219
3.31,881,843,743424,86.74,363,0.064794921875,867.3348336219788,0.0003,-0.31333927041850984,3620,0.35933858156204224,0.0034222621,-0.006183160083310213,0.15,569.4342651367188
3.5,881,845,745472,88.96,364,0.047705078125,717.427105474472,0.0003,-0.29946945239789785,3630,0.37235885858535767,0.0024114426,-0.006875250504526776,0.15,334.1752624511719
3.23,881,848,747520,89.35,365,0.04208984375,833.2999522209168,0.0003,-0.3179916196502745,3640,0.32240790128707886,0.0025629045,-0.0051378592092078176,0.15,318.3603210449219
3.28,881,850,749568,85.6,366,0.043994140625,959.068410730362,0.0003,-0.29903340521268545,3650,0.2776640057563782,0.0024795854,-0.004886358258954715,0.15,375.75372314453125
3.31,881,852,751616,86.92,367,0.05224609375,686.8148665904998,0.0003,-0.3109657341614366,3660,0.39170360565185547,0.0029654761,-0.00713226643492817,0.15,373.3318786621094
3.38,881,854,753664,89.29,368,0.085009765625,869.6040519714355,0.0003,-0.30130539974197745,3670,0.3425135612487793,0.00424724,-0.011057562132918974,0.15,393.36138916015625
3.35,881,857,755712,85.71,369,0.0689453125,771.8363626003265,0.0003,-0.3049774199724197,3680,0.4020312428474426,0.004415897,-0.006556008603365626,0.15,348.5054626464844
3.29,880,860,757760,88.3,370,0.053662109375,792.8148876667022,0.0003,-0.2943599607795477,3690,0.2976670265197754,0.002898817,-0.00638941206416348,0.15,485.9118957519531
3.2,880,863,759808,85.6,371,0.075146484375,744.6886406421661,0.0003,-0.2890897500794381,3700,0.2939533591270447,0.0033508223,-0.008560817618854345,0.15,437.81988525390625
3.31,880,865,761856,89.16,372,0.0623046875,818.5845928192139,0.0003,-0.28402344780042765,3710,0.3058856725692749,0.0045733377,-0.008659427386010065,0.15,560.287109375
3.36,880,868,763904,87.96,373,0.057763671875,857.1237384796143,0.0003,-0.29977790215052663,3720,0.4128612279891968,0.0035986027,-0.007456606894993456,0.15,561.1644287109375
3.28,879,870,765952,88.07,374,0.0533203125,751.1491198539734,0.0003,-0.30012629088014364,3730,0.26217710971832275,0.0036058433,-0.0072622319785295986,0.15,329.08526611328125
3.31,879,872,768000,83.33,375,0.064404296875,903.6829770088195,0.0003,-0.2759865234140307,3740,0.2648051381111145,0.0024947387,-0.006320174281427171,0.15,379.11712646484375
3.37,879,875,770048,87.98,376,0.048486328125,851.6615298748017,0.0003,-0.2894916742574424,3750,0.2966383695602417,0.0028936318,-0.006290433109097648,0.15,169.74314880371094
3.37,879,877,772096,84.47,377,0.044482421875,737.0261414527893,0.0003,-0.2749006281606853,3760,0.28450846672058105,0.0024200636,-0.005890501782414503,0.15,259.2976989746094
3.33,879,880,774144,84.71,378,0.061328125,800.6820019721985,0.0003,-0.28612974314019085,3770,0.22818952798843384,0.003020789,-0.0067463027487974616,0.15,380.9129943847656
3.37,879,882,776192,91.58,379,0.051171875,765.2731133460999,0.0003,-0.29305650377646086,3780,0.3372478485107422,0.0030709417,-0.004595666023669764,0.15,380.1771545410156
3.34,879,884,778240,87.92,380,0.0525390625,795.2020601272583,0.0003,-0.27091097896918653,3790,0.31193840503692627,0.0025616372,-0.004596879924793029,0.15,332.8840026855469
3.36,879,887,780288,90.68,381,0.07626953125,730.8520287036896,0.0003,-0.3008115874603391,3800,0.34070050716400146,0.003971029,-0.008354267162940233,0.15,330.33203125
3.36,879,889,782336,88.15,382,0.06787109375,818.7972296714782,0.0003,-0.29120146157220006,3810,0.3159358501434326,0.0034135557,-0.007574851083336398,0.15,326.08416748046875
3.33,879,891,784384,87.21,383,0.04892578125,825.811660861969,0.0003,-0.28045102157630025,3820,0.3067598342895508,0.003139247,-0.0061322187342739195,0.15,557.6489868164062
3.27,879,894,786432,91.56,384,0.046826171875,873.4068246364593,0.0003,-0.26736879791133106,3830,0.3220977783203125,0.0030983067,-0.006416143544629449,0.15,442.4136047363281
3.34,879,896,788480,91.63,385,0.042138671875,763.0234133720398,0.0003,-0.2711007235106081,3840,0.3065255880355835,0.0022357083,-0.0035567556122259704,0.15,262.8163757324219
3.33,879,899,790528,90.36,386,0.045263671875,899.2855577945709,0.0003,-0.28731430787593126,3850,0.33797353506088257,0.0040265173,-0.005961498544638744,0.15,401.76812744140625
3.22,879,901,792576,89.2,387,0.055224609375,907.7191776752472,0.0003,-0.30091238268651066,3860,0.32306087017059326,0.0029106117,-0.008167283389775548,0.15,542.6521606445312
3.3,879,903,794624,87.96,388,0.05224609375,810.745847940445,0.0003,-0.2879366171080619,3870,0.2912672162055969,0.0030822996,-0.005810699085122906,0.15,340.9180908203125
3.34,879,906,796672,85.52,389,0.055517578125,848.5328040122986,0.0003,-0.2930663459468633,3880,0.33737021684646606,0.003298236,-0.0065013633116905115,0.15,401.2285461425781
3.21,879,908,798720,88.13,390,0.05224609375,825.17871260643,0.0003,-0.298094433080405,3890,0.343647301197052,0.0029249317,-0.0055319516526651565,0.15,550.1353759765625
3.33,879,910,800768,80.89,391,0.066357421875,790.8876206398011,0.0003,-0.29374627871438863,3900,0.27219653129577637,0.0041198875,-0.007889236752816942,0.15,188.18238830566406
3.44,879,912,802816,90.38,392,0.054638671875,735.6793694972991,0.0003,-0.29513864377513527,3910,0.3531365990638733,0.0029987134,-0.005901219239603961,0.15,227.59072875976562
3.35,879,914,804864,84.34,393,0.067578125,699.9713546037674,0.0003,-0.2766590706538409,3920,0.3060414791107178,0.003280737,-0.006013772181540844,0.15,217.29669189453125
3.24,879,917,806912,90.38,394,0.0603515625,800.3245361804962,0.0003,-0.286874130833894,3930,0.26900917291641235,0.0055662068,-0.007472085019253427,0.15,385.24273681640625
3.29,879,919,808960,84.38,395,0.0619140625,668.2808246612549,0.0003,-0.29574242276139556,3940,0.30758577585220337,0.0040609376,-0.00824841293215286,0.15,95.69539642333984
3.3,880,921,811008,90.55,396,0.031591796875,937.5611780166626,0.0003,-0.2791146789677441,3950,0.22479259967803955,0.0017295638,-0.005775746233848622,0.15,284.3893737792969
3.28,880,923,813056,82.11,397,0.05927734375,813.1809540748596,0.0003,-0.27516061780042944,3960,0.3397672772407532,0.0036603515,-0.007640005808207206,0.15,177.9070281982422
3.26,880,925,815104,86.93,398,0.065576171875,750.1360809803009,0.0003,-0.27438789112493395,3970,0.312502920627594,0.004529237,-0.007147375019849278,0.15,188.31207275390625
3.35,881,927,817152,92.85,399,0.03740234375,812.3412496089935,0.0003,-0.276760096475482,3980,0.29047203063964844,0.0026979754,-0.005663304141489789,0.15,499.8257141113281
3.29,881,929,819200,85.69,400,0.058447265625,704.8850549221039,0.0003,-0.2691820892971009,3990,0.31039977073669434,0.0049771355,-0.007617011986440048,0.15,321.6849670410156
3.46,881,931,821248,87.7,401,0.051953125,803.165921831131,0.0003,-0.26827421095222237,4000,0.28880739212036133,0.0028993632,-0.006834616574633401,0.15,341.1885986328125
3.31,881,933,823296,93.1,402,0.08505859375,749.6681885242463,0.0003,-0.35281041292473675,4010,0.5070697367191315,0.010895404,-0.00714396925031906,0.15,345.5978088378906
3.3,881,935,825344,86.95,403,0.058154296875,756.8149146556855,0.0003,-0.28959560780785976,4020,0.3285093307495117,0.0035030954,-0.007285588691593148,0.15,345.896240234375
3.25,881,938,827392,83.27,404,0.059375,759.7321501731873,0.0003,-0.2745375571772456,4030,0.3295193910598755,0.0033755894,-0.007441711108549498,0.15,457.2534484863281
3.31,882,940,829440,92.78,405,0.058349609375,857.0581450462341,0.0003,-0.28539468375965954,4040,0.37448030710220337,0.0030852035,-0.005465207876113709,0.15,643.4826049804688
3.37,882,942,831488,87.98,406,0.0650390625,596.3856533527374,0.0003,-0.2639974399469793,4050,0.28405851125717163,0.0033429172,-0.005048874331987463,0.15,119.48661804199219
3.32,882,944,833536,89.48,407,0.05732421875,620.8611877202987,0.0003,-0.2691374534741044,4060,0.2733728885650635,0.0028822897,-0.006719122699723812,0.15,201.0709686279297
3.35,882,946,835584,87.98,408,0.051611328125,803.2932034730911,0.0003,-0.25939330039545894,4070,0.25657522678375244,0.002853289,-0.0061507348840677874,0.15,496.16259765625
3.34,883,948,837632,87.96,409,0.045849609375,953.2636580467224,0.0003,-0.26460193912498653,4080,0.25417613983154297,0.0021406724,-0.005964844000118319,0.15,301.06378173828125
3.32,883,950,839680,87.94,410,0.067529296875,790.4837482452392,0.0003,-0.2519248757045716,4090,0.33001959323883057,0.002734506,-0.00500895101504284,0.15,415.8768310546875
3.27,883,952,841728,90.36,411,0.050927734375,746.2581675052643,0.0003,-0.25541698676533997,4100,0.2723020911216736,0.0030050208,-0.005371718905371381,0.15,261.0607604980469
3.23,884,954,843776,89.2,412,0.049072265625,751.7900685310364,0.0003,-0.24648839798755945,4110,0.26475775241851807,0.004814529,-0.0069099765503779055,0.15,440.8695068359375
3.37,884,956,845824,79.54,413,0.04853515625,885.6629601001739,0.0003,-0.27367008733563125,4120,0.4087464213371277,0.002593361,-0.005705987846886274,0.15,472.329345703125
3.36,884,958,847872,93.96,414,0.057568359375,744.2365873813629,0.0003,-0.25302264173515143,4130,0.26411694288253784,0.004070187,-0.00834615821368061,0.15,725.9163818359375
3.3,885,960,849920,91.56,415,0.07568359375,726.5869371891022,0.0003,-0.2664955445099622,4140,0.1998719573020935,0.0033567802,-0.007483103189588292,0.15,395.6097106933594
3.33,885,962,851968,82.43,416,0.046630859375,800.2855412960052,0.0003,-0.2714491288177669,4150,0.3144318461418152,0.0027639451,-0.006078429285844322,0.15,279.99041748046875
3.29,885,964,854016,90.53,417,0.031591796875,848.3042646408081,0.0003,-0.2783619268797338,4160,0.41760051250457764,0.002209714,-0.004409249070158694,0.15,330.20587158203125
3.3,886,966,856064,87.94,418,0.065185546875,668.2391081809998,0.0003,-0.25603777477517725,4170,0.2628047466278076,0.0033054631,-0.006088705005095107,0.15,198.72235107421875
3.36,886,968,858112,86.95,419,0.06591796875,835.3311507225037,0.0003,-0.25874060872010884,4180,0.3173280954360962,0.004678457,-0.007843262734240852,0.15,374.015869140625
3.4,886,970,860160,86.7,420,0.051318359375,744.4307278156281,0.0003,-0.2495587630663067,4190,0.3432424068450928,0.002668364,-0.005075278618460288,0.15,316.8016662597656
3.33,886,972,862208,91.73,421,0.050048828125,751.1093564033508,0.0003,-0.25295057967305185,4200,0.2828764319419861,0.0037502765,-0.006997560964373406,0.15,259.2261962890625
3.36,887,974,864256,90.4,422,0.065234375,697.5654106616973,0.0003,-0.24489048551768064,4210,0.29358166456222534,0.0029688682,-0.0061996107622690035,0.15,357.7099609375
3.29,887,976,866304,84.4,423,0.05390625,898.6719353675842,0.0003,-0.24915837282314895,4220,0.3222583532333374,0.0034210738,-0.008240730587567668,0.15,436.33135986328125
3.32,887,978,868352,91.58,424,0.05400390625,768.907316839695,0.0003,-0.24735682802274822,4230,0.3210105895996094,0.0025986743,-0.005839115947310347,0.15,481.3079528808594
3.43,887,980,870400,91.54,425,0.066455078125,841.4579384326935,0.0003,-0.2657952948473394,4240,0.32981157302856445,0.0045193424,-0.007482141092623351,0.15,416.7301940917969
3.41,887,982,872448,91.5,426,0.068603515625,707.1066680431366,0.0003,-0.2649412091821432,4250,0.2974502444267273,0.0036077204,-0.0061278284134459685,0.15,440.46453857421875
3.3,888,984,874496,86.78,427,0.054150390625,812.1440226554871,0.0003,-0.263038863055408,4260,0.2372596263885498,0.002868394,-0.00559539140376728,0.15,440.8339538574219
3.29,888,986,876544,95.2,428,0.057177734375,830.1524007320404,0.0003,-0.27376756658777596,4270,0.2675914168357849,0.002924861,-0.0074253176957427055,0.15,429.76318359375
3.34,888,989,878592,86.76,429,0.0556640625,609.8254598617553,0.0003,-0.2572954585775733,4280,0.28555601835250854,0.003106419,-0.008456865029438631,0.15,176.9439697265625
3.26,888,991,880640,83.2,430,0.05576171875,789.0348313808441,0.0003,-0.27374034584499896,4290,0.30416637659072876,0.0041048494,-0.007974632089826628,0.15,198.56980895996094
3.29,888,993,882688,92.95,431,0.043212890625,756.3313276290894,0.0003,-0.27095468058250843,4300,0.3382318615913391,0.0021318193,-0.005081551343027968,0.15,248.23013305664062
3.36,888,995,884736,90.53,432,0.04736328125,817.818083190918,0.0003,-0.27185308588668705,4310,0.3460119962692261,0.0027366048,-0.00441701381932944,0.15,179.6858367919922
3.25,888,997,886784,90.38,433,0.051220703125,857.6073264122009,0.0003,-0.2802838921546936,4320,0.3276461362838745,0.0029717209,-0.006279267795252963,0.15,461.4599609375
3.17,889,999,888832,88.13,434,0.054638671875,785.0983732700348,0.0003,-0.2785668150521815,4330,0.32924211025238037,0.0025819447,-0.006935463973059086,0.15,476.116943359375
3.18,889,1001,890880,79.75,435,0.04404296875,699.5217641115189,0.0003,-0.27445511519908905,4340,0.2928692698478699,0.0032063893,-0.004705700614431407,0.15,287.8321533203125
3.38,889,1004,892928,88.26,436,0.046923828125,894.4062523365021,0.0003,-0.2767919148784131,4350,0.35332340002059937,0.0024897903,-0.004514020966962562,0.15,440.64910888671875
3.27,889,1006,894976,86.8,437,0.050146484375,746.3622788667678,0.0003,-0.2618167026434094,4360,0.3320932388305664,0.0028151013,-0.005883722806174774,0.15,295.8076477050781
3.36,889,1008,897024,87.96,438,0.04814453125,721.0204965591431,0.0003,-0.2672400739509612,4370,0.246809184551239,0.0030942364,-0.007877159304189262,0.15,513.951416015625
3.32,889,1011,899072,84.51,439,0.056591796875,762.1407605171204,0.0003,-0.26817746097221973,4380,0.35201698541641235,0.0033834365,-0.00533720385064953,0.15,366.2900390625
3.29,889,1013,901120,80.95,440,0.059033203125,809.204255437851,0.0003,-0.26618973738513885,4390,0.30663222074508667,0.0036949455,-0.005847952406475088,0.15,102.90754699707031
3.35,889,1015,903168,95.2,441,0.06142578125,810.6853271007537,0.0003,-0.25833373656496406,4400,0.3270360827445984,0.0037103943,-0.006484296567941783,0.15,258.52545166015625
3.31,889,1017,905216,91.6,442,0.039306640625,695.6992919921875,0.0003,-0.24050696068443358,4410,0.2004249095916748,0.0032363401,-0.005003311722248327,0.15,244.5249786376953
3.3,889,1019,907264,87.04,443,0.051171875,598.9830396652221,0.0003,-0.24480488253757357,4420,0.38078176975250244,0.0036581135,-0.006722144623927307,0.15,316.0269470214844
3.28,890,1021,909312,85.6,444,0.06484375,872.7874726057053,0.0003,-0.24169888268224896,4430,0.2598172426223755,0.0033805305,-0.007396002062887419,0.15,373.50018310546875
3.27,890,1023,911360,91.58,445,0.043310546875,780.9014925003052,0.0003,-0.2500107120722532,4440,0.3560500144958496,0.0023349011,-0.006080707495857496,0.15,327.7359619140625
3.31,890,1025,913408,92.8,446,0.050146484375,717.1456195831299,0.0003,-0.24997608694247903,4450,0.2600556015968323,0.0041666254,-0.00601859248818073,0.15,401.89251708984375
3.52,891,1027,915456,92.55,447,0.04853515625,705.8601902484894,0.0003,-0.2432755671441555,4460,0.3494434356689453,0.0029031485,-0.007424948416883126,0.15,352.9598083496094
3.32,891,1029,917504,91.58,448,0.03828125,774.967482995987,0.0003,-0.24172890475019812,4470,0.34301912784576416,0.0021542762,-0.005323534389026463,0.15,668.3676147460938
3.22,891,1031,919552,83.35,449,0.046875,705.8576171159744,0.0003,-0.23348771249875427,4480,0.2921997308731079,0.0028960907,-0.006049095128037152,0.15,593.694580078125
3.31,891,1033,921600,91.86,450,0.056103515625,675.3971785545349,0.0003,-0.23980409759096802,4490,0.34917545318603516,0.002484603,-0.005978532860899577,0.15,193.56558227539062
3.33,892,1035,923648,90.55,451,0.0451171875,692.3443594932556,0.0003,-0.24255178049206733,4500,0.30526190996170044,0.0020641256,-0.006173696703626774,0.15,661.9122924804688
3.33,892,1037,925696,83.46,452,0.05361328125,698.2845065116883,0.0003,-0.24168552276678384,4510,0.2953922748565674,0.0023465022,-0.006727381727250759,0.15,254.76519775390625
3.23,892,1039,927744,76.0,453,0.044677734375,917.3784986495972,0.0003,-0.23400823785923422,4520,0.25806725025177,0.0022845017,-0.005473171565972735,0.15,470.7204284667969
3.28,893,1041,929792,90.4,454,0.046240234375,882.0481066703796,0.0003,-0.23576697367243468,4530,0.33104920387268066,0.001803377,-0.004414072455983842,0.15,411.59375
3.18,893,1043,931840,88.13,455,0.04853515625,924.5868250846863,0.0003,-0.25138780255801974,4540,0.2750577926635742,0.002506662,-0.005921785583268502,0.15,401.08892822265625
3.38,893,1045,933888,85.75,456,0.037255859375,906.5952580451965,0.0003,-0.23677951493300498,4550,0.27120304107666016,0.0017076285,-0.00402373268516385,0.15,336.8229064941406
3.31,893,1047,935936,85.86,457,0.05322265625,733.7059794425965,0.0003,-0.2367289236281067,4560,0.22000211477279663,0.0030469152,-0.00664822088656365,0.15,404.80194091796875
3.3,893,1049,937984,86.95,458,0.0625,746.2200185060501,0.0003,-0.2427690383512527,4570,0.2932227849960327,0.003504245,-0.0070264849928207695,0.15,338.4191589355469
3.39,893,1051,940032,85.57,459,0.046923828125,806.2849210500717,0.0003,-0.23482034932821988,4580,0.19449883699417114,0.0027809257,-0.004702730340068228,0.15,438.83038330078125
3.26,893,1053,942080,90.4,460,0.04697265625,661.7264908313751,0.0003,-0.24022165769711137,4590,0.25647449493408203,0.0031841309,-0.005736168200382963,0.15,234.01797485351562
3.32,893,1056,944128,82.0,461,0.047314453125,716.709983253479,0.0003,-0.2501964774914086,4600,0.25071287155151367,0.004946483,-0.0055898010257806165,0.15,259.4689636230469
3.25,894,1058,946176,84.36,462,0.062646484375,780.3516256809235,0.0003,-0.2698448743671179,4610,0.30845409631729126,0.003957971,-0.008483060285288956,0.15,271.561279296875
3.4,894,1060,948224,85.73,463,0.05048828125,789.7440900087356,0.0003,-0.2525158655829728,4620,0.3289622664451599,0.0029496,-0.004999023037089501,0.15,420.2803039550781
3.27,894,1062,950272,80.74,464,0.0505859375,733.8096672058106,0.0003,-0.24884106842800974,4630,0.33001333475112915,0.002618214,-0.0043942852680629585,0.15,540.540771484375
3.34,894,1064,952320,85.8,465,0.064599609375,877.1746826171875,0.0003,-0.2564223180525005,4640,0.276994526386261,0.0027172891,-0.006958009138725174,0.15,818.6548461914062
3.31,894,1066,954368,86.8,466,0.04892578125,827.1641126155853,0.0003,-0.2600258798804134,4650,0.3094745874404907,0.004377813,-0.006709118614526233,0.15,531.0369262695312
3.28,894,1069,956416,88.0,467,0.04912109375,687.7179253101349,0.0003,-0.25693747750483453,4660,0.3816750645637512,0.0028178496,-0.007628594990819693,0.15,377.2843017578125
3.3,894,1071,958464,90.4,468,0.0478515625,765.2266387462616,0.0003,-0.2613993290346116,4670,0.3176824450492859,0.00203594,-0.005969262817234267,0.15,454.34088134765625
3.43,895,1073,960512,82.06,469,0.04873046875,787.5099727630616,0.0003,-0.25822003623470663,4680,0.24549514055252075,0.0026729528,-0.006904083968765917,0.15,251.77503967285156
3.38,895,1075,962560,91.54,470,0.054296875,729.4831370830536,0.0003,-0.2569117761682719,4690,0.29111433029174805,0.004144669,-0.0077275048053706994,0.15,387.7429504394531
3.31,895,1077,964608,89.18,471,0.04873046875,797.5935096740723,0.0003,-0.2788495519198477,4700,0.24839192628860474,0.0027606874,-0.007402760090917582,0.15,504.31591796875
3.31,895,1079,966656,95.16,472,0.05107421875,728.905607509613,0.0003,-0.2652222482021898,4710,0.2861793041229248,0.0029313075,-0.005835202520393068,0.15,429.3284912109375
3.38,895,1081,968704,88.05,473,0.065771484375,618.9726217031479,0.0003,-0.2589285977650434,4720,0.24238234758377075,0.0043530185,-0.00770007187675219,0.15,180.46278381347656
3.29,896,1083,970752,83.48,474,0.06240234375,803.0734330654144,0.0003,-0.25302716908045114,4730,0.31303632259368896,0.0038766828,-0.009863783503533341,0.15,282.7875671386719
3.32,896,1085,972800,91.9,475,0.0490234375,818.6074882507324,0.0003,-0.24474726947955788,4740,0.28567302227020264,0.0032652612,-0.00696392992103938,0.15,451.592041015625
3.32,896,1087,974848,84.28,476,0.056787109375,620.7299757242203,0.0003,-0.24407150191254914,4750,0.3088218569755554,0.0034246016,-0.0076593059071456086,0.15,226.59889221191406
3.22,896,1089,976896,84.53,477,0.05126953125,802.0480350017548,0.0003,-0.23759773555211722,4760,0.2645900845527649,0.0024115946,-0.006912490422837436,0.15,300.99102783203125
3.34,896,1091,978944,95.2,478,0.040478515625,837.5965599775315,0.0003,-0.2375415853690356,4770,0.27375084161758423,0.0025464902,-0.005897010281478288,0.15,150.12701416015625
3.33,896,1094,980992,87.96,479,0.056591796875,683.4261963367462,0.0003,-0.238846157444641,4780,0.274649441242218,0.0039734645,-0.007237751355569344,0.15,326.7027282714844
3.27,896,1096,983040,84.36,480,0.046923828125,791.4669009447098,0.0003,-0.24437163495458664,4790,0.2061394453048706,0.0032502934,-0.006913618194084847,0.15,382.8651428222656
3.36,896,1098,985088,91.58,481,0.049462890625,853.8519273757935,0.0003,-0.2597901923581958,4800,0.2470495104789734,0.0042198617,-0.004671806542319246,0.15,452.9715270996094
3.24,897,1100,987136,93.96,482,0.037939453125,834.5823320865632,0.0003,-0.24897995037026704,4810,0.313801109790802,0.0021829773,-0.005429068579542218,0.15,416.9410095214844
3.37,897,1102,989184,88.24,483,0.056005859375,680.7430808782577,0.0003,-0.2510925923474133,4820,0.28232240676879883,0.0045022992,-0.007828153816080884,0.15,94.30058288574219
3.57,897,1104,991232,81.45,484,0.045068359375,702.9160738229751,0.0003,-0.23697419967502356,4830,0.2834485173225403,0.0027947724,-0.005499414190126117,0.15,297.09381103515625
3.35,897,1106,993280,86.8,485,0.04248046875,667.4881436824799,0.0003,-0.2555583281442523,4840,0.3920913338661194,0.0027549122,-0.00498167472978821,0.15,484.2317199707031
3.33,898,1108,995328,85.6,486,0.06923828125,765.6822027683259,0.0003,-0.2602811994031072,4850,0.2759252190589905,0.0045984397,-0.007755043638462666,0.15,406.18011474609375
3.37,898,1110,997376,85.69,487,0.0380859375,714.0897210597992,0.0003,-0.2509223609697074,4860,0.2541061043739319,0.0020561526,-0.004906419642065884,0.15,626.3826293945312
3.33,898,1112,999424,91.48,488,0.040576171875,857.0562551021576,0.0003,-0.2555897341575474,4870,0.29868876934051514,0.0027730423,-0.006108085872256197,0.15,484.90045166015625
3.47,898,1114,1001472,86.84,489,0.05458984375,697.7304425477981,0.0003,-0.257847462920472,4880,0.25949448347091675,0.003236677,-0.006718556905252626,0.15,316.8371887207031
